priorytet;rodzina;model_podpis;duplikaty_w_model;id_model_kandydaci;proponowany_id_model;score_proponowanego;braki_proponowanego;niespojnosc_rodzaj_kolor;grupa_proponowana;rodzaj_proponowany;kolor_proponowany;plik_proponowany;maszyna_lacznie;maszyna_bez_id_model;maszyna_z_id_model;magazyn_seryjny_lacznie;magazyn_seryjny_bez_id_model;status_mastera;co_moge_wykonac_sam;czego_brakuje_od_ciebie;decyzja_kanoniczny_id_model;uzupelnij_grupa;uzupelnij_rodzaj;uzupelnij_kolor;uzupelnij_plik;uwagi_uzytkownika
WYSOKI;RICOH;MPC 2500;1;383(3/4);383;3/4;RODZAJ;;Druk;;TAK;https://ksero-partner.com.pl/imgdev/ran_ricoh_mp_c2003.png;256;256;0;0;0;uzupelnic_master;Moge uzupelnic rekord ID_MODEL=383 po podaniu brakujacych wartosci.;Potrzebuje od Ciebie brakujacych pol dla ID_MODEL 383: RODZAJ;;;;;;
WYSOKI;RICOH;MP 301;1;472(4/4);472;4/4;;;Druk;Kserokopiarka cyfrowa A4;NIE;https://ksero-partner.com.pl/imgdev/ran_ricoh_mp_301.png;254;254;0;0;0;gotowy_master;Moge od razu uzywac tego ID_MODEL przy naprawie powiazan i przy automatyzacji /device.;"Brak; rekord nadaje sie na wzorzec.";;;;;;
WYSOKI;RICOH;MPC 307;4;545(4/4), 571(4/4), 392(3/4), 602(3/4);545;4/4;;;Druk;Kserokopiarka cyfrowa A3;TAK;https://ksero-partner.com.pl/imgdev/ran_ricoh_mpc307.png;222;222;0;0;0;wybrac_kanoniczny;Moge scalic logike na jeden rekord kanoniczny i potem hurtowo przepiac urzadzenia po Twojej decyzji.;Potrzebuje od Ciebie wyboru jednego kanonicznego ID_MODEL z grupy duplikatow.;;;;;;
WYSOKI;RICOH;MPC 3003;4;628(4/4), 30002488(4/4), 389(3/4), 560(3/4);628;4/4;;;Druk;Kserokopiarka cyfrowa A3;TAK;https://ksero-partner.com.pl/imgdev/ran_ricoh_mp_c2003.png;196;196;0;0;0;wybrac_kanoniczny;Moge scalic logike na jeden rekord kanoniczny i potem hurtowo przepiac urzadzenia po Twojej decyzji.;Potrzebuje od Ciebie wyboru jednego kanonicznego ID_MODEL z grupy duplikatow.;;;;;;
WYSOKI;RICOH;MPC 2003;3;378(4/4), 622(4/4), 30002487(4/4);378;4/4;;;Druk;Kserokopiarka cyfrowa A3;TAK;https://ksero-partner.com.pl/imgdev/ran_ricoh_mp_c2003.png;180;180;0;0;0;wybrac_kanoniczny;Moge scalic logike na jeden rekord kanoniczny i potem hurtowo przepiac urzadzenia po Twojej decyzji.;Potrzebuje od Ciebie wyboru jednego kanonicznego ID_MODEL z grupy duplikatow.;;;;;;
WYSOKI;RICOH;MP 161;1;338(3/4);338;3/4;RODZAJ;;Druk;;NIE;https://ksero-partner.com.pl/imgdev/ran_ricoh_mp201.png;145;145;0;0;0;uzupelnic_master;Moge uzupelnic rekord ID_MODEL=338 po podaniu brakujacych wartosci.;Potrzebuje od Ciebie brakujacych pol dla ID_MODEL 338: RODZAJ;;;;;;
WYSOKI;RICOH;IMC 3000;3;539(4/4), 30002504(4/4), 30002508(4/4);539;4/4;;;Druk;Kserokopiarka cyfrowa A3 kolorowa;TAK;https://ksero-partner.com.pl/imgdev/ran_ricoh_im_c2000.png;133;133;0;0;0;wybrac_kanoniczny;Moge scalic logike na jeden rekord kanoniczny i potem hurtowo przepiac urzadzenia po Twojej decyzji.;Potrzebuje od Ciebie wyboru jednego kanonicznego ID_MODEL z grupy duplikatow.;;;;;;
WYSOKI;RICOH;MP 171;2;339(3/4), 610(3/4);339;3/4;RODZAJ;;Druk;;NIE;https://ksero-partner.com.pl/imgdev/ran_ricoh_mp201.png;121;121;0;0;0;wybrac_kanoniczny;Moge scalic logike na jeden rekord kanoniczny i potem hurtowo przepiac urzadzenia po Twojej decyzji.;Potrzebuje od Ciebie wyboru jednego kanonicznego ID_MODEL z grupy duplikatow. Dodatkowo trzeba domknac: RODZAJ.;;;;;;
WYSOKI;RICOH;MPC 306;2;489(4/4), 572(4/4);489;4/4;;;Druk;kserokopiarka laserowa A4 kolorowa;TAK;https://ksero-partner.com.pl/imgdev/ran_ricoh_mpc307.png;120;120;0;0;0;wybrac_kanoniczny;Moge scalic logike na jeden rekord kanoniczny i potem hurtowo przepiac urzadzenia po Twojej decyzji.;Potrzebuje od Ciebie wyboru jednego kanonicznego ID_MODEL z grupy duplikatow.;;;;;;
WYSOKI;RICOH;MPC 3004;3;390(4/4), 543(4/4), 600(4/4);390;4/4;;;Druk;Drukarka laserowa A3;TAK;https://ksero-partner.com.pl/imgdev/R_MPC3004_4504SP.jpg;119;119;0;0;0;wybrac_kanoniczny;Moge scalic logike na jeden rekord kanoniczny i potem hurtowo przepiac urzadzenia po Twojej decyzji.;Potrzebuje od Ciebie wyboru jednego kanonicznego ID_MODEL z grupy duplikatow.;;;;;;
WYSOKI;RICOH;MPC 3001;1;388(3/4);388;3/4;RODZAJ;;Druk;;TAK;https://ksero-partner.com.pl/imgdev/ran_ricoh_mp_c2003.png;117;117;0;0;0;uzupelnic_master;Moge uzupelnic rekord ID_MODEL=388 po podaniu brakujacych wartosci.;Potrzebuje od Ciebie brakujacych pol dla ID_MODEL 388: RODZAJ;;;;;;
WYSOKI;RICOH;MPC 2011;2;380(3/4), 624(3/4);380;3/4;RODZAJ;;Druk;;TAK;https://ksero-partner.com.pl/imgdev/ran_ricoh_mp_c2003.png;114;114;0;0;0;wybrac_kanoniczny;Moge scalic logike na jeden rekord kanoniczny i potem hurtowo przepiac urzadzenia po Twojej decyzji.;Potrzebuje od Ciebie wyboru jednego kanonicznego ID_MODEL z grupy duplikatow. Dodatkowo trzeba domknac: RODZAJ.;;;;;;
WYSOKI;RICOH;MP 2000;1;340(3/4);340;3/4;RODZAJ;;Druk;;NIE;https://ksero-partner.com.pl/imgdev/ran_ricoh_mp2000.png;113;113;0;0;0;uzupelnic_master;Moge uzupelnic rekord ID_MODEL=340 po podaniu brakujacych wartosci.;Potrzebuje od Ciebie brakujacych pol dla ID_MODEL 340: RODZAJ;;;;;;
WYSOKI;RICOH;DSM 415;2;318(4/4), 139(3/4);318;4/4;;;Druk;Kserokopiarka cyfrowa A4;NIE;https://ksero-partner.com.pl/imgdev/ran_ricoh_mp201.png;108;108;0;0;0;wybrac_kanoniczny;Moge scalic logike na jeden rekord kanoniczny i potem hurtowo przepiac urzadzenia po Twojej decyzji.;Potrzebuje od Ciebie wyboru jednego kanonicznego ID_MODEL z grupy duplikatow.;;;;;;
WYSOKI;RICOH;MP 201;2;342(3/4), 612(3/4);342;3/4;RODZAJ;;Druk;;NIE;https://ksero-partner.com.pl/imgdev/ran_ricoh_mp201.png;103;103;0;0;0;wybrac_kanoniczny;Moge scalic logike na jeden rekord kanoniczny i potem hurtowo przepiac urzadzenia po Twojej decyzji.;Potrzebuje od Ciebie wyboru jednego kanonicznego ID_MODEL z grupy duplikatow. Dodatkowo trzeba domknac: RODZAJ.;;;;;;
SREDNI;RICOH;IM 350;2;458(3/4), 576(3/4);458;3/4;RODZAJ;;Druk;;NIE;https://ksero-partner.com.pl/imgdev/R_IM_350.jpg;94;94;0;0;0;wybrac_kanoniczny;Moge scalic logike na jeden rekord kanoniczny i potem hurtowo przepiac urzadzenia po Twojej decyzji.;Potrzebuje od Ciebie wyboru jednego kanonicznego ID_MODEL z grupy duplikatow. Dodatkowo trzeba domknac: RODZAJ.;;;;;;
SREDNI;RICOH;IMC 300;2;30002496(3/4), 30002503(3/4);30002496;3/4;RODZAJ;;Druk;;TAK;https://ksero-partner.com.pl/imgdev/R_IMC_300.jpg;79;79;0;0;0;wybrac_kanoniczny;Moge scalic logike na jeden rekord kanoniczny i potem hurtowo przepiac urzadzenia po Twojej decyzji.;Potrzebuje od Ciebie wyboru jednego kanonicznego ID_MODEL z grupy duplikatow. Dodatkowo trzeba domknac: RODZAJ.;;;;;;
SREDNI;RICOH;DSM 622;3;325(4/4), 334(2/4), 559(2/4);325;4/4;;;Druk;Kserokopiarka cyfrowa A3;NIE;https://ksero-partner.com.pl/imgdev/R2555_3055.jpg;74;74;0;0;0;wybrac_kanoniczny;Moge scalic logike na jeden rekord kanoniczny i potem hurtowo przepiac urzadzenia po Twojej decyzji.;Potrzebuje od Ciebie wyboru jednego kanonicznego ID_MODEL z grupy duplikatow.;;;;;;
SREDNI;RICOH;MP 2510;1;349(3/4);349;3/4;PLIK;;Druk;Kserokopiarka cyfrowa A3;NIE;;69;69;0;0;0;uzupelnic_master;Moge uzupelnic rekord ID_MODEL=349 po podaniu brakujacych wartosci.;Potrzebuje od Ciebie brakujacych pol dla ID_MODEL 349: PLIK;;;;;;
SREDNI;RICOH;MP 305+;3;374(4/4), 592(4/4), 473(3/4);374;4/4;;;Druk;Kserokopiarka cyfrowa A4;NIE;https://ksero-partner.com.pl/imgdev/R_MP_305.jpg;67;67;0;0;0;wybrac_kanoniczny;Moge scalic logike na jeden rekord kanoniczny i potem hurtowo przepiac urzadzenia po Twojej decyzji.;Potrzebuje od Ciebie wyboru jednego kanonicznego ID_MODEL z grupy duplikatow.;;;;;;
SREDNI;RICOH;MP 2550;1;350(3/4);350;3/4;RODZAJ;;Druk;;NIE;https://ksero-partner.com.pl/imgdev/R2555_3055.jpg;63;63;0;0;0;uzupelnic_master;Moge uzupelnic rekord ID_MODEL=350 po podaniu brakujacych wartosci.;Potrzebuje od Ciebie brakujacych pol dla ID_MODEL 350: RODZAJ;;;;;;
SREDNI;RICOH;DSM 618D;1;322(4/4);322;4/4;;;Druk;Kserokopiarka cyfrowa A3;NIE;https://ksero-partner.com.pl/imgdev/ran_ricoh_mp2000.png;58;58;0;0;0;gotowy_master;Moge od razu uzywac tego ID_MODEL przy naprawie powiazan i przy automatyzacji /device.;"Brak; rekord nadaje sie na wzorzec.";;;;;;
SREDNI;RICOH;MPC 2800;2;386(3/4), 627(3/4);386;3/4;RODZAJ;;Druk;;TAK;https://ksero-partner.com.pl/imgdev/ran_ricoh_mp_c2003.png;51;51;0;0;0;wybrac_kanoniczny;Moge scalic logike na jeden rekord kanoniczny i potem hurtowo przepiac urzadzenia po Twojej decyzji.;Potrzebuje od Ciebie wyboru jednego kanonicznego ID_MODEL z grupy duplikatow. Dodatkowo trzeba domknac: RODZAJ.;;;;;;
SREDNI;RICOH;MPC 4503;3;631(4/4), 400(3/4), 604(3/4);631;4/4;;;Druk;Kserokopiarka cyfrowa A3 kolorowa;TAK;https://ksero-partner.com.pl/imgdev/ran_ricoh_mp_c2003.png;50;50;0;0;0;wybrac_kanoniczny;Moge scalic logike na jeden rekord kanoniczny i potem hurtowo przepiac urzadzenia po Twojej decyzji.;Potrzebuje od Ciebie wyboru jednego kanonicznego ID_MODEL z grupy duplikatow.;;;;;;
SREDNI;RICOH;IMC 4500;2;538(4/4), 30002491(4/4);538;4/4;;;Druk;Kserokopiarka cyfrowa A3 kolorowa;TAK;https://ksero-partner.com.pl/imgdev/ran_ricoh_im_c2000.png;47;47;0;0;0;wybrac_kanoniczny;Moge scalic logike na jeden rekord kanoniczny i potem hurtowo przepiac urzadzenia po Twojej decyzji.;Potrzebuje od Ciebie wyboru jednego kanonicznego ID_MODEL z grupy duplikatow.;;;;;;
SREDNI;RICOH;MP 2554;3;352(4/4), 590(4/4), 616(4/4);352;4/4;;;Druk;Kserokopiarka cyfrowa A3;NIE;https://ksero-partner.com.pl/imgdev/R2555_3055.jpg;47;47;0;0;0;wybrac_kanoniczny;Moge scalic logike na jeden rekord kanoniczny i potem hurtowo przepiac urzadzenia po Twojej decyzji.;Potrzebuje od Ciebie wyboru jednego kanonicznego ID_MODEL z grupy duplikatow.;;;;;;
SREDNI;RICOH;MPC 2503;2;384(3/4), 626(3/4);384;3/4;RODZAJ;;Druk;;TAK;https://ksero-partner.com.pl/imgdev/ran_ricoh_mp_c2003.png;46;46;0;0;0;wybrac_kanoniczny;Moge scalic logike na jeden rekord kanoniczny i potem hurtowo przepiac urzadzenia po Twojej decyzji.;Potrzebuje od Ciebie wyboru jednego kanonicznego ID_MODEL z grupy duplikatow. Dodatkowo trzeba domknac: RODZAJ.;;;;;;
SREDNI;EPSON;WF-6590;1;90(3/4);90;3/4;PLIK;;Druk;Urzadzenie wielofunkcyjne laserowe;TAK;;43;43;0;0;0;uzupelnic_master;Moge uzupelnic rekord ID_MODEL=90 po podaniu brakujacych wartosci.;Potrzebuje od Ciebie brakujacych pol dla ID_MODEL 90: PLIK;;;;;;
SREDNI;RICOH;4510 DN;1;443(4/4);443;4/4;;;Druk;Drukarka laserowa A4;NIE;https://ksero-partner.com.pl/imgdev/R_SP4510dn.jpg;42;42;0;0;0;gotowy_master;Moge od razu uzywac tego ID_MODEL przy naprawie powiazan i przy automatyzacji /device.;"Brak; rekord nadaje sie na wzorzec.";;;;;;
SREDNI;KONICA MINOLTA;C 25;2;251(3/4), 550(2/4);251;3/4;RODZAJ;;Druk;;TAK;https://ksero-partner.com.pl/imgdev/konica_c25.png;39;39;0;0;0;wybrac_kanoniczny;Moge scalic logike na jeden rekord kanoniczny i potem hurtowo przepiac urzadzenia po Twojej decyzji.;Potrzebuje od Ciebie wyboru jednego kanonicznego ID_MODEL z grupy duplikatow. Dodatkowo trzeba domknac: RODZAJ.;;;;;;
SREDNI;KYOCERA;FS-2100;1;277(4/4);277;4/4;;;Druk;Drukarka laserowa A4;NIE;https://ksero-partner.com.pl/imgdev/ecosys_p3055dn.jpg;38;38;0;0;0;gotowy_master;Moge od razu uzywac tego ID_MODEL przy naprawie powiazan i przy automatyzacji /device.;"Brak; rekord nadaje sie na wzorzec.";;;;;;
SREDNI;RICOH;MP 2501;3;588(4/4), 614(3/4), 348(2/4);588;4/4;;;Druk;Kserokopiarka cyfrowa A3;NIE;https://ksero-partner.com.pl/imgdev/ran_ricoh_mp2501.png;38;38;0;0;0;wybrac_kanoniczny;Moge scalic logike na jeden rekord kanoniczny i potem hurtowo przepiac urzadzenia po Twojej decyzji.;Potrzebuje od Ciebie wyboru jednego kanonicznego ID_MODEL z grupy duplikatow.;;;;;;
SREDNI;RICOH;MP 3055;3;356(4/4), 544(4/4), 30002499(2/4);356;4/4;;;Druk;Kserokopiarka cyfrowa A3;NIE;https://ksero-partner.com.pl/imgdev/R2555_3055.jpg;38;38;0;0;0;wybrac_kanoniczny;Moge scalic logike na jeden rekord kanoniczny i potem hurtowo przepiac urzadzenia po Twojej decyzji.;Potrzebuje od Ciebie wyboru jednego kanonicznego ID_MODEL z grupy duplikatow.;;;;;;
SREDNI;RICOH;MPC 3004ex;3;601(4/4), 629(4/4), 391(3/4);601;4/4;;;Druk;Drukarka laserowa A3;TAK;https://ksero-partner.com.pl/imgdev/R_MPC3004_4504SP.jpg;37;37;0;0;0;wybrac_kanoniczny;Moge scalic logike na jeden rekord kanoniczny i potem hurtowo przepiac urzadzenia po Twojej decyzji.;Potrzebuje od Ciebie wyboru jednego kanonicznego ID_MODEL z grupy duplikatow.;;;;;;
SREDNI;RICOH;MPC 5503;1;500(4/4);500;4/4;;;Druk;Kserokopiarka cyfrowa A3 kolorowa;TAK;https://ksero-partner.com.pl/imgdev/ran_ricoh_mp_c2003.png;37;37;0;0;0;gotowy_master;Moge od razu uzywac tego ID_MODEL przy naprawie powiazan i przy automatyzacji /device.;"Brak; rekord nadaje sie na wzorzec.";;;;;;
SREDNI;KYOCERA;P-5536I;1;526(4/4);526;4/4;;;Druk;Drukarka laserowa A4;NIE;https://ksero-partner.com.pl/imgdev/kyocera ecosys m 3655idn.jpg;35;35;0;0;0;gotowy_master;Moge od razu uzywac tego ID_MODEL przy naprawie powiazan i przy automatyzacji /device.;"Brak; rekord nadaje sie na wzorzec.";;;;;;
SREDNI;EPSON;WF-C869R;1;96(3/4);96;3/4;PLIK;;Druk;urządzenie wielofunkcyjne;TAK;;34;34;0;0;0;uzupelnic_master;Moge uzupelnic rekord ID_MODEL=96 po podaniu brakujacych wartosci.;Potrzebuje od Ciebie brakujacych pol dla ID_MODEL 96: PLIK;;;;;;
SREDNI;RICOH;2205;1;304(3/4);304;3/4;PLIK;;Druk;Kserokopiarka cyfrowa A3;NIE;;34;34;0;0;0;uzupelnic_master;Moge uzupelnic rekord ID_MODEL=304 po podaniu brakujacych wartosci.;Potrzebuje od Ciebie brakujacych pol dla ID_MODEL 304: PLIK;;;;;;
SREDNI;RICOH;1805;1;30002486(4/4);30002486;4/4;;;Druk;Kserokopiarka cyfrowa A3;NIE;https://ksero-partner.com.pl/imgdev/ran_ricoh_mp2000.png;33;33;0;0;0;gotowy_master;Moge od razu uzywac tego ID_MODEL przy naprawie powiazan i przy automatyzacji /device.;"Brak; rekord nadaje sie na wzorzec.";;;;;;
SREDNI;RICOH;P 501;1;547(3/4);547;3/4;PLIK;;Druk;Drukarka laserowa A4;NIE;;33;33;0;0;0;uzupelnic_master;Moge uzupelnic rekord ID_MODEL=547 po podaniu brakujacych wartosci.;Potrzebuje od Ciebie brakujacych pol dla ID_MODEL 547: PLIK;;;;;;
SREDNI;RICOH;MP 2851;1;354(4/4);354;4/4;;RODZAJ sugeruje kolor, KOLOR=NIE;Druk;Kserokopiarka cyfrowa A3 kolorowa;NIE;https://ksero-partner.com.pl/imgdev/R2555_3055.jpg;31;31;0;0;0;uzupelnic_master;Moge uzupelnic rekord ID_MODEL=354 po podaniu brakujacych wartosci.;Potrzebuje od Ciebie brakujacych pol dla ID_MODEL 354: RODZAJ sugeruje kolor, KOLOR=NIE;;;;;;
SREDNI;RICOH;1805D;1;303(4/4);303;4/4;;;Druk;Kserokopiarka cyfrowa A3;NIE;https://ksero-partner.com.pl/imgdev/ran_ricoh_mp2000.png;30;30;0;0;0;gotowy_master;Moge od razu uzywac tego ID_MODEL przy naprawie powiazan i przy automatyzacji /device.;"Brak; rekord nadaje sie na wzorzec.";;;;;;
SREDNI;RICOH;MPC 3002;2;488(3/4), 605(3/4);488;3/4;RODZAJ;;Druk;;TAK;https://ksero-partner.com.pl/imgdev/ran_ricoh_mp_c2003.png;30;30;0;0;0;wybrac_kanoniczny;Moge scalic logike na jeden rekord kanoniczny i potem hurtowo przepiac urzadzenia po Twojej decyzji.;Potrzebuje od Ciebie wyboru jednego kanonicznego ID_MODEL z grupy duplikatow. Dodatkowo trzeba domknac: RODZAJ.;;;;;;
NISKI;RICOH;4510 SF;1;445(4/4);445;4/4;;;Druk;Drukarka laserowa A4;NIE;https://ksero-partner.com.pl/imgdev/R_SP4510SF.jpg;28;28;0;0;0;gotowy_master;Moge od razu uzywac tego ID_MODEL przy naprawie powiazan i przy automatyzacji /device.;"Brak; rekord nadaje sie na wzorzec.";;;;;;
NISKI;RICOH;MPC 4504;1;498(4/4);498;4/4;;;Druk;Kserokopiarka cyfrowa A3 kolorowa;TAK;https://ksero-partner.com.pl/imgdev/R_MPC3004_4504SP.jpg;28;28;0;0;0;gotowy_master;Moge od razu uzywac tego ID_MODEL przy naprawie powiazan i przy automatyzacji /device.;"Brak; rekord nadaje sie na wzorzec.";;;;;;
NISKI;KONICA MINOLTA;+C 35;1;230(4/4);230;4/4;;;Druk;Kserokopiarka cyfrowa A4;TAK;https://ksero-partner.com.pl/imgdev/konica_c25.png;27;27;0;0;0;gotowy_master;Moge od razu uzywac tego ID_MODEL przy naprawie powiazan i przy automatyzacji /device.;"Brak; rekord nadaje sie na wzorzec.";;;;;;
NISKI;RICOH;MPC 2050;2;381(4/4), 625(4/4);381;4/4;;;Druk;Drukarka laserowa A4;TAK;https://ksero-partner.com.pl/imgdev/ran_ricoh_mp_c2003.png;27;27;0;0;0;wybrac_kanoniczny;Moge scalic logike na jeden rekord kanoniczny i potem hurtowo przepiac urzadzenia po Twojej decyzji.;Potrzebuje od Ciebie wyboru jednego kanonicznego ID_MODEL z grupy duplikatow.;;;;;;
NISKI;RICOH;IMC 3500;2;582(4/4), 30002507(4/4);582;4/4;;;Druk;Kserokopiarka cyfrowa A3 kolorowa;TAK;https://ksero-partner.com.pl/imgdev/ran_ricoh_im_c2000.png;26;26;0;0;0;wybrac_kanoniczny;Moge scalic logike na jeden rekord kanoniczny i potem hurtowo przepiac urzadzenia po Twojej decyzji.;Potrzebuje od Ciebie wyboru jednego kanonicznego ID_MODEL z grupy duplikatow.;;;;;;
NISKI;RICOH;MP 2352SP;1;371(4/4);371;4/4;;;Druk;Kserokopiarka cyfrowa A4;NIE;https://ksero-partner.com.pl/imgdev/R2555_3055.jpg;26;26;0;0;0;gotowy_master;Moge od razu uzywac tego ID_MODEL przy naprawie powiazan i przy automatyzacji /device.;"Brak; rekord nadaje sie na wzorzec.";;;;;;
NISKI;RICOH;MPC 3000;1;387(3/4);387;3/4;RODZAJ;;Druk;;TAK;https://ksero-partner.com.pl/imgdev/ran_ricoh_mp_c2003.png;26;26;0;0;0;uzupelnic_master;Moge uzupelnic rekord ID_MODEL=387 po podaniu brakujacych wartosci.;Potrzebuje od Ciebie brakujacych pol dla ID_MODEL 387: RODZAJ;;;;;;
NISKI;RICOH;MP 3350;2;357(4/4), 619(4/4);357;4/4;;;Druk;Kserokopiarka cyfrowa A3;NIE;https://ksero-partner.com.pl/imgdev/R2555_3055.jpg;25;25;0;0;0;wybrac_kanoniczny;Moge scalic logike na jeden rekord kanoniczny i potem hurtowo przepiac urzadzenia po Twojej decyzji.;Potrzebuje od Ciebie wyboru jednego kanonicznego ID_MODEL z grupy duplikatow.;;;;;;
NISKI;RICOH;MPC 2004;3;598(4/4), 379(3/4), 623(3/4);598;4/4;;;Druk;Kserokopiarka cyfrowa A4;TAK;https://ksero-partner.com.pl/imgdev/R_MPC3004_4504SP.jpg;25;25;0;0;0;wybrac_kanoniczny;Moge scalic logike na jeden rekord kanoniczny i potem hurtowo przepiac urzadzenia po Twojej decyzji.;Potrzebuje od Ciebie wyboru jednego kanonicznego ID_MODEL z grupy duplikatow.;;;;;;
NISKI;RICOH;IM 430;2;460(4/4), 578(4/4);460;4/4;;;Druk;Kserokopiarka cyfrowa A4;NIE;https://ksero-partner.com.pl/imgdev/R_IM_350.jpg;24;24;0;0;0;wybrac_kanoniczny;Moge scalic logike na jeden rekord kanoniczny i potem hurtowo przepiac urzadzenia po Twojej decyzji.;Potrzebuje od Ciebie wyboru jednego kanonicznego ID_MODEL z grupy duplikatow.;;;;;;
NISKI;RICOH;IMC 400;2;465(3/4), 30002502(3/4);465;3/4;RODZAJ;;Druk;;TAK;https://ksero-partner.com.pl/imgdev/R_IMC_300.jpg;24;24;0;0;0;wybrac_kanoniczny;Moge scalic logike na jeden rekord kanoniczny i potem hurtowo przepiac urzadzenia po Twojej decyzji.;Potrzebuje od Ciebie wyboru jednego kanonicznego ID_MODEL z grupy duplikatow. Dodatkowo trzeba domknac: RODZAJ.;;;;;;
NISKI;RICOH;MP 2501SP;1;372(4/4);372;4/4;;;Druk;Kserokopiarka cyfrowa A3;NIE;https://ksero-partner.com.pl/imgdev/ran_ricoh_mp2501.png;24;24;0;0;0;gotowy_master;Moge od razu uzywac tego ID_MODEL przy naprawie powiazan i przy automatyzacji /device.;"Brak; rekord nadaje sie na wzorzec.";;;;;;
NISKI;RICOH;MPC 3504;1;492(4/4);492;4/4;;;Druk;Kserokopiarka cyfrowa A3;TAK;https://ksero-partner.com.pl/imgdev/R_MPC3004_4504SP.jpg;24;24;0;0;0;gotowy_master;Moge od razu uzywac tego ID_MODEL przy naprawie powiazan i przy automatyzacji /device.;"Brak; rekord nadaje sie na wzorzec.";;;;;;
NISKI;RICOH;DSC 332;1;315(3/4);315;3/4;PLIK;;Druk;Kserokopiarka cyfrowa A3;TAK;;23;23;0;0;0;uzupelnic_master;Moge uzupelnic rekord ID_MODEL=315 po podaniu brakujacych wartosci.;Potrzebuje od Ciebie brakujacych pol dla ID_MODEL 315: PLIK;;;;;;
NISKI;RICOH;DSM 618;1;321(4/4);321;4/4;;;Druk;Kserokopiarka cyfrowa A3;NIE;https://ksero-partner.com.pl/imgdev/ran_ricoh_mp2000.png;23;23;0;0;0;gotowy_master;Moge od razu uzywac tego ID_MODEL przy naprawie powiazan i przy automatyzacji /device.;"Brak; rekord nadaje sie na wzorzec.";;;;;;
NISKI;RICOH;MP 3351;1;358(4/4);358;4/4;;;Druk;Kserokopiarka cyfrowa A3;NIE;https://ksero-partner.com.pl/imgdev/R2555_3055.jpg;23;23;0;0;0;gotowy_master;Moge od razu uzywac tego ID_MODEL przy naprawie powiazan i przy automatyzacji /device.;"Brak; rekord nadaje sie na wzorzec.";;;;;;
NISKI;RICOH;MPC 3502AD;1;395(4/4);395;4/4;;;Druk;Kserokopiarka cyfrowa A3;TAK;https://ksero-partner.com.pl/imgdev/ran_ricoh_mp_c2003.png;23;23;0;0;0;gotowy_master;Moge od razu uzywac tego ID_MODEL przy naprawie powiazan i przy automatyzacji /device.;"Brak; rekord nadaje sie na wzorzec.";;;;;;
NISKI;RICOH;MPC 3503;3;396(3/4), 603(3/4), 630(3/4);396;3/4;RODZAJ;;Druk;;TAK;https://ksero-partner.com.pl/imgdev/ran_ricoh_mp_c2003.png;23;23;0;0;0;wybrac_kanoniczny;Moge scalic logike na jeden rekord kanoniczny i potem hurtowo przepiac urzadzenia po Twojej decyzji.;Potrzebuje od Ciebie wyboru jednego kanonicznego ID_MODEL z grupy duplikatow. Dodatkowo trzeba domknac: RODZAJ.;;;;;;
NISKI;RICOH;MPC 3501;2;490(3/4), 30002494(3/4);490;3/4;RODZAJ;;Druk;;TAK;https://ksero-partner.com.pl/imgdev/ran_ricoh_mp_c2003.png;22;22;0;0;0;wybrac_kanoniczny;Moge scalic logike na jeden rekord kanoniczny i potem hurtowo przepiac urzadzenia po Twojej decyzji.;Potrzebuje od Ciebie wyboru jednego kanonicznego ID_MODEL z grupy duplikatow. Dodatkowo trzeba domknac: RODZAJ.;;;;;;
NISKI;EPSON;WF-8590DWF;1;91(3/4);91;3/4;PLIK;;Druk;urządzenie wielofunkcyjne;TAK;;21;21;0;0;0;uzupelnic_master;Moge uzupelnic rekord ID_MODEL=91 po podaniu brakujacych wartosci.;Potrzebuje od Ciebie brakujacych pol dla ID_MODEL 91: PLIK;;;;;;
NISKI;RICOH;MP 2852;1;470(4/4);470;4/4;;;Druk;Kserokopiarka cyfrowa A4;NIE;https://ksero-partner.com.pl/imgdev/R2555_3055.jpg;21;21;0;0;0;gotowy_master;Moge od razu uzywac tego ID_MODEL przy naprawie powiazan i przy automatyzacji /device.;"Brak; rekord nadaje sie na wzorzec.";;;;;;
NISKI;KYOCERA;ECOSYS 3055;1;274(3/4);274;3/4;KOLOR;;Druk;Drukarka laserowa A4;;https://ksero-partner.com.pl/imgdev/ecosys_p3055dn.jpg;20;20;0;0;0;uzupelnic_master;Moge uzupelnic rekord ID_MODEL=274 po podaniu brakujacych wartosci.;Potrzebuje od Ciebie brakujacych pol dla ID_MODEL 274: KOLOR;;;;;;
NISKI;RICOH;DSM 627;1;326(3/4);326;3/4;PLIK;;Druk;Kserokopiarka cyfrowa A3;NIE;;19;19;0;0;0;uzupelnic_master;Moge uzupelnic rekord ID_MODEL=326 po podaniu brakujacych wartosci.;Potrzebuje od Ciebie brakujacych pol dla ID_MODEL 326: PLIK;;;;;;
NISKI;RICOH;MP 3054;1;475(4/4);475;4/4;;;Druk;Kserokopiarka cyfrowa A3;NIE;https://ksero-partner.com.pl/imgdev/R2555_3055.jpg;19;19;0;0;0;gotowy_master;Moge od razu uzywac tego ID_MODEL przy naprawie powiazan i przy automatyzacji /device.;"Brak; rekord nadaje sie na wzorzec.";;;;;;
NISKI;RICOH;6005;1;310(3/4);310;3/4;PLIK;;Druk;Kserokopiarka cyfrowa A3;NIE;;18;18;0;0;0;uzupelnic_master;Moge uzupelnic rekord ID_MODEL=310 po podaniu brakujacych wartosci.;Potrzebuje od Ciebie brakujacych pol dla ID_MODEL 310: PLIK;;;;;;
NISKI;RICOH;MP 2001;2;341(3/4), 611(3/4);341;3/4;PLIK;;Druk;Kserokopiarka cyfrowa A3;NIE;;18;18;0;0;0;wybrac_kanoniczny;Moge scalic logike na jeden rekord kanoniczny i potem hurtowo przepiac urzadzenia po Twojej decyzji.;Potrzebuje od Ciebie wyboru jednego kanonicznego ID_MODEL z grupy duplikatow. Dodatkowo trzeba domknac: PLIK.;;;;;;
NISKI;RICOH;MPC 4500;1;398(4/4);398;4/4;;;Druk;Kserokopiarka analogowa A3;TAK;https://ksero-partner.com.pl/imgdev/ran_ricoh_mp_c2003.png;17;17;0;0;0;gotowy_master;Moge od razu uzywac tego ID_MODEL przy naprawie powiazan i przy automatyzacji /device.;"Brak; rekord nadaje sie na wzorzec.";;;;;;
NISKI;KYOCERA;M 3550I;1;280(4/4);280;4/4;;;Druk;Drukarka laserowa A4;NIE;https://ksero-partner.com.pl/imgdev/kyocera ecosys m3655idn.jpg;16;16;0;0;0;gotowy_master;Moge od razu uzywac tego ID_MODEL przy naprawie powiazan i przy automatyzacji /device.;"Brak; rekord nadaje sie na wzorzec.";;;;;;
NISKI;RICOH;DSM 620D;2;324(4/4), 140(3/4);324;4/4;;;Druk;Kserokopiarka cyfrowa A3;NIE;https://ksero-partner.com.pl/imgdev/ran_ricoh_mp2000.pnghttps://ksero-partner.com.pl/imgdev/ran_ricoh_mp2000.png;16;16;0;0;0;wybrac_kanoniczny;Moge scalic logike na jeden rekord kanoniczny i potem hurtowo przepiac urzadzenia po Twojej decyzji.;Potrzebuje od Ciebie wyboru jednego kanonicznego ID_MODEL z grupy duplikatow.;;;;;;
NISKI;RICOH;MP 2553;3;351(4/4), 589(4/4), 615(4/4);351;4/4;;;Druk;Kserokopiarka cyfrowa A3;NIE;https://ksero-partner.com.pl/imgdev/R2555_3055.jpg;16;16;0;0;0;wybrac_kanoniczny;Moge scalic logike na jeden rekord kanoniczny i potem hurtowo przepiac urzadzenia po Twojej decyzji.;Potrzebuje od Ciebie wyboru jednego kanonicznego ID_MODEL z grupy duplikatow.;;;;;;
NISKI;RICOH;MP 2555;5;353(4/4), 541(4/4), 591(4/4), 617(4/4), 30002509(3/4);353;4/4;;;Druk;Kserokopiarka cyfrowa A3;NIE;https://ksero-partner.com.pl/imgdev/R2555_3055.jpg;16;16;0;0;0;wybrac_kanoniczny;Moge scalic logike na jeden rekord kanoniczny i potem hurtowo przepiac urzadzenia po Twojej decyzji.;Potrzebuje od Ciebie wyboru jednego kanonicznego ID_MODEL z grupy duplikatow.;;;;;;
NISKI;RICOH;1305;1;300(3/4);300;3/4;PLIK;;Druk;Kserokopiarka cyfrowa A4;NIE;;15;15;0;0;0;uzupelnic_master;Moge uzupelnic rekord ID_MODEL=300 po podaniu brakujacych wartosci.;Potrzebuje od Ciebie brakujacych pol dla ID_MODEL 300: PLIK;;;;;;
NISKI;RICOH;MP 3010;2;355(3/4), 618(3/4);355;3/4;RODZAJ;;Druk;;NIE;https://ksero-partner.com.pl/imgdev/R2555_3055.jpg;15;15;0;0;0;wybrac_kanoniczny;Moge scalic logike na jeden rekord kanoniczny i potem hurtowo przepiac urzadzenia po Twojej decyzji.;Potrzebuje od Ciebie wyboru jednego kanonicznego ID_MODEL z grupy duplikatow. Dodatkowo trzeba domknac: RODZAJ.;;;;;;
NISKI;KYOCERA;M 3655I;1;281(4/4);281;4/4;;;Druk;Drukarka laserowa A4;NIE;https://ksero-partner.com.pl/imgdev/kyocera ecosys m3655idn.jpg;14;14;0;0;0;gotowy_master;Moge od razu uzywac tego ID_MODEL przy naprawie powiazan i przy automatyzacji /device.;"Brak; rekord nadaje sie na wzorzec.";;;;;;
NISKI;KYOCERA;P 3145;2;271(4/4), 561(4/4);271;4/4;;;Druk;Drukarka laserowa A4;NIE;https://ksero-partner.com.pl/imgdev/ecosys_p3055dn.jpg;14;14;0;0;0;wybrac_kanoniczny;Moge scalic logike na jeden rekord kanoniczny i potem hurtowo przepiac urzadzenia po Twojej decyzji.;Potrzebuje od Ciebie wyboru jednego kanonicznego ID_MODEL z grupy duplikatow.;;;;;;
NISKI;RICOH;MP 3554;2;593(4/4), 476(3/4);593;4/4;;;Druk;Kserokopiarka cyfrowa A3;NIE;https://ksero-partner.com.pl/imgdev/R2555_3055.jpg;14;14;0;0;0;wybrac_kanoniczny;Moge scalic logike na jeden rekord kanoniczny i potem hurtowo przepiac urzadzenia po Twojej decyzji.;Potrzebuje od Ciebie wyboru jednego kanonicznego ID_MODEL z grupy duplikatow.;;;;;;
NISKI;RICOH;P 502;1;537(3/4);537;3/4;PLIK;;Druk;Drukarka laserowa A4;NIE;;14;14;0;0;0;uzupelnic_master;Moge uzupelnic rekord ID_MODEL=537 po podaniu brakujacych wartosci.;Potrzebuje od Ciebie brakujacych pol dla ID_MODEL 537: PLIK;;;;;;
NISKI;CANON;IR 2520;1;33(3/4);33;3/4;PLIK;;Druk;Kserokopiarka cyfrowa A3;NIE;;13;13;0;0;0;uzupelnic_master;Moge uzupelnic rekord ID_MODEL=33 po podaniu brakujacych wartosci.;Potrzebuje od Ciebie brakujacych pol dla ID_MODEL 33: PLIK;;;;;;
NISKI;RICOH;DSM 725;2;141(3/4), 331(3/4);141;3/4;PLIK;;Druk;Kserokopiarka cyfrowa A3;NIE;;13;13;0;0;0;wybrac_kanoniczny;Moge scalic logike na jeden rekord kanoniczny i potem hurtowo przepiac urzadzenia po Twojej decyzji.;Potrzebuje od Ciebie wyboru jednego kanonicznego ID_MODEL z grupy duplikatow. Dodatkowo trzeba domknac: PLIK.;;;;;;
NISKI;RICOH;MPC 2000;1;377(4/4);377;4/4;;;Druk;Kserokopiarka cyfrowa A3 kolorowa;TAK;https://ksero-partner.com.pl/imgdev/ran_ricoh_mp_c2003.png;13;13;0;0;0;gotowy_master;Moge od razu uzywac tego ID_MODEL przy naprawie powiazan i przy automatyzacji /device.;"Brak; rekord nadaje sie na wzorzec.";;;;;;
NISKI;KONICA MINOLTA;INEO+ 25;1;73(4/4);73;4/4;;;Druk;Kserokopiarka cyfrowa A4;TAK;https://ksero-partner.com.pl/imgdev/konica_c25.png;12;12;0;0;0;gotowy_master;Moge od razu uzywac tego ID_MODEL przy naprawie powiazan i przy automatyzacji /device.;"Brak; rekord nadaje sie na wzorzec.";;;;;;
NISKI;RICOH;DSM 632;1;327(3/4);327;3/4;PLIK;;Druk;Kserokopiarka cyfrowa A3;NIE;;12;12;0;0;0;uzupelnic_master;Moge uzupelnic rekord ID_MODEL=327 po podaniu brakujacych wartosci.;Potrzebuje od Ciebie brakujacych pol dla ID_MODEL 327: PLIK;;;;;;
NISKI;RICOH;IMC 6000;2;469(4/4), 30002505(3/4);469;4/4;;;Druk;urządzenie wielofunkcyjne;TAK;https://ksero-partner.com.pl/imgdev/ran_ricoh_im_c2000.png;12;12;0;0;0;wybrac_kanoniczny;Moge scalic logike na jeden rekord kanoniczny i potem hurtowo przepiac urzadzenia po Twojej decyzji.;Potrzebuje od Ciebie wyboru jednego kanonicznego ID_MODEL z grupy duplikatow.;;;;;;
NISKI;RICOH;MP 3352;2;359(4/4), 620(4/4);359;4/4;;;Druk;Kserokopiarka cyfrowa A3;NIE;https://ksero-partner.com.pl/imgdev/R2555_3055.jpg;12;12;0;0;0;wybrac_kanoniczny;Moge scalic logike na jeden rekord kanoniczny i potem hurtowo przepiac urzadzenia po Twojej decyzji.;Potrzebuje od Ciebie wyboru jednego kanonicznego ID_MODEL z grupy duplikatow.;;;;;;
NISKI;RICOH;MP 6001;1;366(3/4);366;3/4;PLIK;;Druk;Kserokopiarka cyfrowa A3;NIE;;12;12;0;0;0;uzupelnic_master;Moge uzupelnic rekord ID_MODEL=366 po podaniu brakujacych wartosci.;Potrzebuje od Ciebie brakujacych pol dla ID_MODEL 366: PLIK;;;;;;
NISKI;RICOH;MPC 4501;1;399(4/4);399;4/4;;;Druk;Kserokopiarka cyfrowa A3 kolorowa;TAK;https://ksero-partner.com.pl/imgdev/ran_ricoh_mp_c2003.png;12;12;0;0;0;gotowy_master;Moge od razu uzywac tego ID_MODEL przy naprawie powiazan i przy automatyzacji /device.;"Brak; rekord nadaje sie na wzorzec.";;;;;;
NISKI;EPSON;WF-M5298;1;98(4/4);98;4/4;;;Druk;drukarka atramentowa;TAK;https://ksero-partner.com.pl/imgdev/EpsonWFM5298.jpg;11;11;0;0;0;gotowy_master;Moge od razu uzywac tego ID_MODEL przy naprawie powiazan i przy automatyzacji /device.;"Brak; rekord nadaje sie na wzorzec.";;;;;;
NISKI;RICOH;4520;1;446(4/4);446;4/4;;;Druk;Drukarka laserowa A4;NIE;https://ksero-partner.com.pl/imgdev/R_SP4510SF.jpg;11;11;0;0;0;gotowy_master;Moge od razu uzywac tego ID_MODEL przy naprawie powiazan i przy automatyzacji /device.;"Brak; rekord nadaje sie na wzorzec.";;;;;;
NISKI;RICOH;MP 4054;2;621(4/4), 362(3/4);621;4/4;;;Druk;Kserokopiarka cyfrowa A3;NIE;https://ksero-partner.com.pl/imgdev/R2555_3055.jpg;11;11;0;0;0;wybrac_kanoniczny;Moge scalic logike na jeden rekord kanoniczny i potem hurtowo przepiac urzadzenia po Twojej decyzji.;Potrzebuje od Ciebie wyboru jednego kanonicznego ID_MODEL z grupy duplikatow.;;;;;;
NISKI;RICOH;MPC 2051;1;382(4/4);382;4/4;;;Druk;Kserokopiarka cyfrowa A3;TAK;https://ksero-partner.com.pl/imgdev/ran_ricoh_mp_c2003.png;11;11;0;0;0;gotowy_master;Moge od razu uzywac tego ID_MODEL przy naprawie powiazan i przy automatyzacji /device.;"Brak; rekord nadaje sie na wzorzec.";;;;;;
NISKI;RICOH;MPC 3300;1;393(4/4);393;4/4;;;Druk;Kserokopiarka cyfrowa A3 kolorowa;TAK;https://ksero-partner.com.pl/imgdev/ran_ricoh_mp_c2003.png;11;11;0;0;0;gotowy_master;Moge od razu uzywac tego ID_MODEL przy naprawie powiazan i przy automatyzacji /device.;"Brak; rekord nadaje sie na wzorzec.";;;;;;
NISKI;CANON;3525I;1;13(3/4);13;3/4;PLIK;;Druk;Kserokopiarka cyfrowa A3;NIE;;10;10;0;0;0;uzupelnic_master;Moge uzupelnic rekord ID_MODEL=13 po podaniu brakujacych wartosci.;Potrzebuje od Ciebie brakujacych pol dla ID_MODEL 13: PLIK;;;;;;
NISKI;RICOH;MP 4055;2;482(4/4), 594(4/4);482;4/4;;;Druk;Kserokopiarka cyfrowa A3;NIE;https://ksero-partner.com.pl/imgdev/R2555_3055.jpg;10;10;0;0;0;wybrac_kanoniczny;Moge scalic logike na jeden rekord kanoniczny i potem hurtowo przepiac urzadzenia po Twojej decyzji.;Potrzebuje od Ciebie wyboru jednego kanonicznego ID_MODEL z grupy duplikatow.;;;;;;
NISKI;RICOH;MPC 4000;1;397(4/4);397;4/4;;;Druk;Kserokopiarka cyfrowa A3 kolorowa;TAK;https://ksero-partner.com.pl/imgdev/ran_ricoh_mp_c2003.png;10;10;0;0;0;gotowy_master;Moge od razu uzywac tego ID_MODEL przy naprawie powiazan i przy automatyzacji /device.;"Brak; rekord nadaje sie na wzorzec.";;;;;;
NISKI;RICOH;MPC 4502;2;573(4/4), 497(2/4);573;4/4;;;Druk;Kserokopiarka cyfrowa A3 kolorowa;TAK;https://ksero-partner.com.pl/imgdev/ran_ricoh_mp_c2003.png;10;10;0;0;0;wybrac_kanoniczny;Moge scalic logike na jeden rekord kanoniczny i potem hurtowo przepiac urzadzenia po Twojej decyzji.;Potrzebuje od Ciebie wyboru jednego kanonicznego ID_MODEL z grupy duplikatow.;;;;;;
NISKI;RICOH;MPC 6004;1;535(3/4);535;3/4;PLIK;;Druk;Kserokopiarka cyfrowa A3 kolorowa;TAK;;10;10;0;0;0;uzupelnic_master;Moge uzupelnic rekord ID_MODEL=535 po podaniu brakujacych wartosci.;Potrzebuje od Ciebie brakujacych pol dla ID_MODEL 535: PLIK;;;;;;
NISKI;KONICA MINOLTA;C 3110;1;257(3/4);257;3/4;PLIK;;Druk;Kserokopiarka cyfrowa A4 kolorowa;TAK;;9;9;0;0;0;uzupelnic_master;Moge uzupelnic rekord ID_MODEL=257 po podaniu brakujacych wartosci.;Potrzebuje od Ciebie brakujacych pol dla ID_MODEL 257: PLIK;;;;;;
NISKI;RICOH;DSM 645;1;328(3/4);328;3/4;PLIK;;Druk;Kserokopiarka cyfrowa A3;NIE;;9;9;0;0;0;uzupelnic_master;Moge uzupelnic rekord ID_MODEL=328 po podaniu brakujacych wartosci.;Potrzebuje od Ciebie brakujacych pol dla ID_MODEL 328: PLIK;;;;;;
NISKI;RICOH;DSM 675;1;330(3/4);330;3/4;PLIK;;Druk;Kserokopiarka cyfrowa A3;NIE;;9;9;0;0;0;uzupelnic_master;Moge uzupelnic rekord ID_MODEL=330 po podaniu brakujacych wartosci.;Potrzebuje od Ciebie brakujacych pol dla ID_MODEL 330: PLIK;;;;;;
NISKI;RICOH;IM 2702;1;456(3/4);456;3/4;PLIK;;Druk;Drukarka laserowa A4;NIE;;9;9;0;0;0;uzupelnic_master;Moge uzupelnic rekord ID_MODEL=456 po podaniu brakujacych wartosci.;Potrzebuje od Ciebie brakujacych pol dla ID_MODEL 456: PLIK;;;;;;
NISKI;RICOH;IMC 5500;2;542(4/4), 584(4/4);542;4/4;;;Druk;Kserokopiarka cyfrowa A3 kolorowa;TAK;https://ksero-partner.com.pl/imgdev/ran_ricoh_im_c2000.png;9;9;0;0;0;wybrac_kanoniczny;Moge scalic logike na jeden rekord kanoniczny i potem hurtowo przepiac urzadzenia po Twojej decyzji.;Potrzebuje od Ciebie wyboru jednego kanonicznego ID_MODEL z grupy duplikatow.;;;;;;
NISKI;RICOH;MPC 2004 SP;1;402(4/4);402;4/4;;;Druk;Kserokopiarka cyfrowa A4 kolorowa;TAK;https://ksero-partner.com.pl/imgdev/R_MPC3004_4504SP.jpg;9;9;0;0;0;gotowy_master;Moge od razu uzywac tego ID_MODEL przy naprawie powiazan i przy automatyzacji /device.;"Brak; rekord nadaje sie na wzorzec.";;;;;;
NISKI;RICOH;MPC 3502;1;491(3/4);491;3/4;PLIK;;Druk;Kserokopiarka cyfrowa A3;TAK;;9;9;0;0;0;uzupelnic_master;Moge uzupelnic rekord ID_MODEL=491 po podaniu brakujacych wartosci.;Potrzebuje od Ciebie brakujacych pol dla ID_MODEL 491: PLIK;;;;;;
NISKI;RICOH;MPC 3504ex;1;493(4/4);493;4/4;;;Druk;Kserokopiarka cyfrowa A3 kolorowa;TAK;https://ksero-partner.com.pl/imgdev/R_MPC3004_4504SP.jpg;9;9;0;0;0;gotowy_master;Moge od razu uzywac tego ID_MODEL przy naprawie powiazan i przy automatyzacji /device.;"Brak; rekord nadaje sie na wzorzec.";;;;;;
NISKI;RICOH;MPC 407;2;496(3/4), 607(3/4);496;3/4;RODZAJ;;Druk;;TAK;https://ksero-partner.com.pl/imgdev/ran_ricoh_mpc307.png;9;9;0;0;0;wybrac_kanoniczny;Moge scalic logike na jeden rekord kanoniczny i potem hurtowo przepiac urzadzenia po Twojej decyzji.;Potrzebuje od Ciebie wyboru jednego kanonicznego ID_MODEL z grupy duplikatow. Dodatkowo trzeba domknac: RODZAJ.;;;;;;
NISKI;EPSON;WF-M5690DWF;1;99(3/4);99;3/4;PLIK;;Druk;urządzenie wielofunkcyjne;TAK;;8;8;0;0;0;uzupelnic_master;Moge uzupelnic rekord ID_MODEL=99 po podaniu brakujacych wartosci.;Potrzebuje od Ciebie brakujacych pol dla ID_MODEL 99: PLIK;;;;;;
NISKI;KYOCERA;FS-2020D;1;276(3/4);276;3/4;PLIK;;Druk;Drukarka laserowa A4;NIE;;8;8;0;0;0;uzupelnic_master;Moge uzupelnic rekord ID_MODEL=276 po podaniu brakujacych wartosci.;Potrzebuje od Ciebie brakujacych pol dla ID_MODEL 276: PLIK;;;;;;
NISKI;RICOH;7505;1;451(3/4);451;3/4;PLIK;;Druk;Kserokopiarka cyfrowa A3;NIE;;8;8;0;0;0;uzupelnic_master;Moge uzupelnic rekord ID_MODEL=451 po podaniu brakujacych wartosci.;Potrzebuje od Ciebie brakujacych pol dla ID_MODEL 451: PLIK;;;;;;
NISKI;RICOH;MP 4000;1;361(3/4);361;3/4;PLIK;;Druk;Kserokopiarka cyfrowa A3;NIE;;8;8;0;0;0;uzupelnic_master;Moge uzupelnic rekord ID_MODEL=361 po podaniu brakujacych wartosci.;Potrzebuje od Ciebie brakujacych pol dla ID_MODEL 361: PLIK;;;;;;
NISKI;RICOH;MPC 5504;1;501(3/4);501;3/4;RODZAJ;;Druk;;TAK;https://ksero-partner.com.pl/imgdev/R_MPC3004_4504SP.jpg;8;8;0;0;0;uzupelnic_master;Moge uzupelnic rekord ID_MODEL=501 po podaniu brakujacych wartosci.;Potrzebuje od Ciebie brakujacych pol dla ID_MODEL 501: RODZAJ;;;;;;
NISKI;RICOH;MPC 6003;2;608(4/4), 503(3/4);608;4/4;;;Druk;Kserokopiarka cyfrowa A3;TAK;https://ksero-partner.com.pl/imgdev/ran_ricoh_mp_c2003.png;8;8;0;0;0;wybrac_kanoniczny;Moge scalic logike na jeden rekord kanoniczny i potem hurtowo przepiac urzadzenia po Twojej decyzji.;Potrzebuje od Ciebie wyboru jednego kanonicznego ID_MODEL z grupy duplikatow.;;;;;;
NISKI;EPSON;WF - 5690;1;87(3/4);87;3/4;PLIK;;Druk;urządzenie wielofunkcyjne;TAK;;7;7;0;0;0;uzupelnic_master;Moge uzupelnic rekord ID_MODEL=87 po podaniu brakujacych wartosci.;Potrzebuje od Ciebie brakujacych pol dla ID_MODEL 87: PLIK;;;;;;
NISKI;KONICA MINOLTA;C 252;1;253(3/4);253;3/4;PLIK;;Druk;Kserokopiarka cyfrowa A3 kolorowa;TAK;;7;7;0;0;0;uzupelnic_master;Moge uzupelnic rekord ID_MODEL=253 po podaniu brakujacych wartosci.;Potrzebuje od Ciebie brakujacych pol dla ID_MODEL 253: PLIK;;;;;;
NISKI;KONICA MINOLTA;C 350;1;260(3/4);260;3/4;PLIK;;Druk;Kserokopiarka cyfrowa A3;TAK;;7;7;0;0;0;uzupelnic_master;Moge uzupelnic rekord ID_MODEL=260 po podaniu brakujacych wartosci.;Potrzebuje od Ciebie brakujacych pol dla ID_MODEL 260: PLIK;;;;;;
NISKI;KYOCERA;4035I-MFP;1;523(3/4);523;3/4;PLIK;;Druk;Drukarka laserowa A4;NIE;;7;7;0;0;0;uzupelnic_master;Moge uzupelnic rekord ID_MODEL=523 po podaniu brakujacych wartosci.;Potrzebuje od Ciebie brakujacych pol dla ID_MODEL 523: PLIK;;;;;;
NISKI;RICOH;DSM 620;1;323(3/4);323;3/4;PLIK;;Druk;Kserokopiarka cyfrowa A3;NIE;;7;7;0;0;0;uzupelnic_master;Moge uzupelnic rekord ID_MODEL=323 po podaniu brakujacych wartosci.;Potrzebuje od Ciebie brakujacych pol dla ID_MODEL 323: PLIK;;;;;;
NISKI;RICOH;DSM 660;1;329(3/4);329;3/4;PLIK;;Druk;Kserokopiarka cyfrowa A3;NIE;;7;7;0;0;0;uzupelnic_master;Moge uzupelnic rekord ID_MODEL=329 po podaniu brakujacych wartosci.;Potrzebuje od Ciebie brakujacych pol dla ID_MODEL 329: PLIK;;;;;;
NISKI;RICOH;MP 4002;1;479(3/4);479;3/4;PLIK;;Druk;Kserokopiarka cyfrowa A3;NIE;;7;7;0;0;0;uzupelnic_master;Moge uzupelnic rekord ID_MODEL=479 po podaniu brakujacych wartosci.;Potrzebuje od Ciebie brakujacych pol dla ID_MODEL 479: PLIK;;;;;;
NISKI;RICOH;MP 5055;1;485(4/4);485;4/4;;;Druk;Kserokopiarka cyfrowa A3;NIE;https://ksero-partner.com.pl/imgdev/R2555_3055.jpg;7;7;0;0;0;gotowy_master;Moge od razu uzywac tego ID_MODEL przy naprawie powiazan i przy automatyzacji /device.;"Brak; rekord nadaje sie na wzorzec.";;;;;;
NISKI;RICOH;MPC 3003 SP;1;404(4/4);404;4/4;;;Druk;Kserokopiarka cyfrowa A3 kolorowa;TAK;https://ksero-partner.com.pl/imgdev/ran_ricoh_mp_c2003.png;7;7;0;0;0;gotowy_master;Moge od razu uzywac tego ID_MODEL przy naprawie powiazan i przy automatyzacji /device.;"Brak; rekord nadaje sie na wzorzec.";;;;;;
NISKI;CANON;IR 1018;1;24(3/4);24;3/4;PLIK;;Druk;Kserokopiarka cyfrowa A3;NIE;;6;6;0;0;0;uzupelnic_master;Moge uzupelnic rekord ID_MODEL=24 po podaniu brakujacych wartosci.;Potrzebuje od Ciebie brakujacych pol dla ID_MODEL 24: PLIK;;;;;;
NISKI;CANON;IR 2018;1;29(3/4);29;3/4;PLIK;;Druk;Kserokopiarka cyfrowa A3;NIE;;6;6;0;0;0;uzupelnic_master;Moge uzupelnic rekord ID_MODEL=29 po podaniu brakujacych wartosci.;Potrzebuje od Ciebie brakujacych pol dla ID_MODEL 29: PLIK;;;;;;
NISKI;CANON;IR 4570;1;40(3/4);40;3/4;PLIK;;Druk;Kserokopiarka cyfrowa A3;NIE;;6;6;0;0;0;uzupelnic_master;Moge uzupelnic rekord ID_MODEL=40 po podaniu brakujacych wartosci.;Potrzebuje od Ciebie brakujacych pol dla ID_MODEL 40: PLIK;;;;;;
NISKI;CANON;IR ADVANCE C2220I;1;46(4/4);46;4/4;;;Druk;Kserokopiarka cyfrowa A3 kolorowa;TAK;https://ksero-partner.com.pl/imgdev/irc3225i.jpg;6;6;0;0;0;gotowy_master;Moge od razu uzywac tego ID_MODEL przy naprawie powiazan i przy automatyzacji /device.;"Brak; rekord nadaje sie na wzorzec.";;;;;;
NISKI;EPSON;WF-C8690 DWF;1;95(2/4);95;2/4;KOLOR, PLIK;;Druk;urządzenie wielofunkcyjne;;;6;6;0;0;0;uzupelnic_master;Moge uzupelnic rekord ID_MODEL=95 po podaniu brakujacych wartosci.;Potrzebuje od Ciebie brakujacych pol dla ID_MODEL 95: KOLOR, PLIK;;;;;;
NISKI;KONICA MINOLTA;C 220;1;247(3/4);247;3/4;PLIK;;Druk;Kserokopiarka cyfrowa A3 kolorowa;TAK;;6;6;0;0;0;uzupelnic_master;Moge uzupelnic rekord ID_MODEL=247 po podaniu brakujacych wartosci.;Potrzebuje od Ciebie brakujacych pol dla ID_MODEL 247: PLIK;;;;;;
NISKI;RICOH;DSM 730;1;332(3/4);332;3/4;PLIK;;Druk;Kserokopiarka cyfrowa A3;NIE;;6;6;0;0;0;uzupelnic_master;Moge uzupelnic rekord ID_MODEL=332 po podaniu brakujacych wartosci.;Potrzebuje od Ciebie brakujacych pol dla ID_MODEL 332: PLIK;;;;;;
NISKI;RICOH;MP 2500;1;347(3/4);347;3/4;PLIK;;Druk;Kserokopiarka cyfrowa A3;NIE;;6;6;0;0;0;uzupelnic_master;Moge uzupelnic rekord ID_MODEL=347 po podaniu brakujacych wartosci.;Potrzebuje od Ciebie brakujacych pol dla ID_MODEL 347: PLIK;;;;;;
NISKI;RICOH;MP 401;1;480(4/4);480;4/4;;;Druk;Drukarka laserowa A4;NIE;https://ksero-partner.com.pl/imgdev/ran_ricoh_mp_301.png;6;6;0;0;0;gotowy_master;Moge od razu uzywac tego ID_MODEL przy naprawie powiazan i przy automatyzacji /device.;"Brak; rekord nadaje sie na wzorzec.";;;;;;
NISKI;RICOH;MP 5500;1;365(3/4);365;3/4;PLIK;;Druk;Kserokopiarka cyfrowa A3;NIE;;6;6;0;0;0;uzupelnic_master;Moge uzupelnic rekord ID_MODEL=365 po podaniu brakujacych wartosci.;Potrzebuje od Ciebie brakujacych pol dla ID_MODEL 365: PLIK;;;;;;
NISKI;RICOH;MPC 4504ex;1;499(4/4);499;4/4;;;Druk;Kserokopiarka cyfrowa A3 kolorowa;TAK;https://ksero-partner.com.pl/imgdev/R_MPC3004_4504SP.jpg;6;6;0;0;0;gotowy_master;Moge od razu uzywac tego ID_MODEL przy naprawie powiazan i przy automatyzacji /device.;"Brak; rekord nadaje sie na wzorzec.";;;;;;
NISKI;CANON;3520I;1;12(3/4);12;3/4;PLIK;;Druk;Kserokopiarka cyfrowa A3;NIE;;5;5;0;0;0;uzupelnic_master;Moge uzupelnic rekord ID_MODEL=12 po podaniu brakujacych wartosci.;Potrzebuje od Ciebie brakujacych pol dla ID_MODEL 12: PLIK;;;;;;
NISKI;CANON;6512;1;16(3/4);16;3/4;PLIK;;Druk;Kserokopiarka analogowa A4;NIE;;5;5;0;0;0;uzupelnic_master;Moge uzupelnic rekord ID_MODEL=16 po podaniu brakujacych wartosci.;Potrzebuje od Ciebie brakujacych pol dla ID_MODEL 16: PLIK;;;;;;
NISKI;KONICA MINOLTA;C 224E;2;248(3/4), 549(3/4);248;3/4;PLIK;;Druk;Kserokopiarka cyfrowa A3 kolorowa;TAK;;5;5;0;0;0;wybrac_kanoniczny;Moge scalic logike na jeden rekord kanoniczny i potem hurtowo przepiac urzadzenia po Twojej decyzji.;Potrzebuje od Ciebie wyboru jednego kanonicznego ID_MODEL z grupy duplikatow. Dodatkowo trzeba domknac: PLIK.;;;;;;
NISKI;KONICA MINOLTA;INEO+ 224E;1;72(3/4);72;3/4;PLIK;;Druk;Kserokopiarka cyfrowa A3 kolorowa;TAK;;5;5;0;0;0;uzupelnic_master;Moge uzupelnic rekord ID_MODEL=72 po podaniu brakujacych wartosci.;Potrzebuje od Ciebie brakujacych pol dla ID_MODEL 72: PLIK;;;;;;
NISKI;KYOCERA;2507ci;1;519(3/4);519;3/4;PLIK;;Druk;Drukarka laserowa A4;NIE;;5;5;0;0;0;uzupelnic_master;Moge uzupelnic rekord ID_MODEL=519 po podaniu brakujacych wartosci.;Potrzebuje od Ciebie brakujacych pol dla ID_MODEL 519: PLIK;;;;;;
NISKI;RICOH;1018;1;425(3/4);425;3/4;PLIK;;Druk;Kserokopiarka cyfrowa A3;NIE;;5;5;0;0;0;uzupelnic_master;Moge uzupelnic rekord ID_MODEL=425 po podaniu brakujacych wartosci.;Potrzebuje od Ciebie brakujacych pol dla ID_MODEL 425: PLIK;;;;;;
NISKI;RICOH;1505 / 1315;1;301(3/4);301;3/4;PLIK;;Druk;Kserokopiarka cyfrowa A3;NIE;;5;5;0;0;0;uzupelnic_master;Moge uzupelnic rekord ID_MODEL=301 po podaniu brakujacych wartosci.;Potrzebuje od Ciebie brakujacych pol dla ID_MODEL 301: PLIK;;;;;;
NISKI;RICOH;DSM 745;1;333(3/4);333;3/4;PLIK;;Druk;Kserokopiarka cyfrowa A3;NIE;;5;5;0;0;0;uzupelnic_master;Moge uzupelnic rekord ID_MODEL=333 po podaniu brakujacych wartosci.;Potrzebuje od Ciebie brakujacych pol dla ID_MODEL 333: PLIK;;;;;;
NISKI;RICOH;IM 2500;2;455(3/4), 574(3/4);455;3/4;PLIK;;Druk;Kserokopiarka cyfrowa A4;NIE;;5;5;0;0;0;wybrac_kanoniczny;Moge scalic logike na jeden rekord kanoniczny i potem hurtowo przepiac urzadzenia po Twojej decyzji.;Potrzebuje od Ciebie wyboru jednego kanonicznego ID_MODEL z grupy duplikatow. Dodatkowo trzeba domknac: PLIK.;;;;;;
NISKI;RICOH;MP 3555;1;477(4/4);477;4/4;;;Druk;Kserokopiarka cyfrowa A3;NIE;https://ksero-partner.com.pl/imgdev/R2555_3055.jpg;5;5;0;0;0;gotowy_master;Moge od razu uzywac tego ID_MODEL przy naprawie powiazan i przy automatyzacji /device.;"Brak; rekord nadaje sie na wzorzec.";;;;;;
NISKI;RICOH;MP 5001;1;364(3/4);364;3/4;PLIK;;Druk;Kserokopiarka cyfrowa A3;NIE;;5;5;0;0;0;uzupelnic_master;Moge uzupelnic rekord ID_MODEL=364 po podaniu brakujacych wartosci.;Potrzebuje od Ciebie brakujacych pol dla ID_MODEL 364: PLIK;;;;;;
NISKI;RICOH;MPC 3500;1;394(4/4);394;4/4;;;Druk;Kserokopiarka cyfrowa A3 kolorowa;TAK;https://ksero-partner.com.pl/imgdev/ran_ricoh_mp_c2003.png;5;5;0;0;0;gotowy_master;Moge od razu uzywac tego ID_MODEL przy naprawie powiazan i przy automatyzacji /device.;"Brak; rekord nadaje sie na wzorzec.";;;;;;
NISKI;TRIUMPH-ADLER;4030;1;513(3/4);513;3/4;PLIK;;Druk;Drukarka laserowa A4;NIE;;5;5;0;0;0;uzupelnic_master;Moge uzupelnic rekord ID_MODEL=513 po podaniu brakujacych wartosci.;Potrzebuje od Ciebie brakujacych pol dla ID_MODEL 513: PLIK;;;;;;
NISKI;CANON;IR 3035;1;37(3/4);37;3/4;PLIK;;Druk;Kserokopiarka cyfrowa A3;NIE;;4;4;0;0;0;uzupelnic_master;Moge uzupelnic rekord ID_MODEL=37 po podaniu brakujacych wartosci.;Potrzebuje od Ciebie brakujacych pol dla ID_MODEL 37: PLIK;;;;;;
NISKI;HP;HP Designjet T650;1;155(2/4);155;2/4;KOLOR, PLIK;;Druk;ploter;;;4;4;0;0;0;uzupelnic_master;Moge uzupelnic rekord ID_MODEL=155 po podaniu brakujacych wartosci.;Potrzebuje od Ciebie brakujacych pol dla ID_MODEL 155: KOLOR, PLIK;;;;;;
NISKI;KONICA MINOLTA;162;1;233(3/4);233;3/4;PLIK;;Druk;Kserokopiarka cyfrowa A3;NIE;;4;4;0;0;0;uzupelnic_master;Moge uzupelnic rekord ID_MODEL=233 po podaniu brakujacych wartosci.;Potrzebuje od Ciebie brakujacych pol dla ID_MODEL 233: PLIK;;;;;;
NISKI;KONICA MINOLTA;C 203;1;245(3/4);245;3/4;PLIK;;Druk;Kserokopiarka cyfrowa A3;TAK;;4;4;0;0;0;uzupelnic_master;Moge uzupelnic rekord ID_MODEL=245 po podaniu brakujacych wartosci.;Potrzebuje od Ciebie brakujacych pol dla ID_MODEL 245: PLIK;;;;;;
NISKI;KONICA MINOLTA;INEO 220;1;70(3/4);70;3/4;PLIK;;Druk;Kserokopiarka cyfrowa A3 kolorowa;TAK;;4;4;0;0;0;uzupelnic_master;Moge uzupelnic rekord ID_MODEL=70 po podaniu brakujacych wartosci.;Potrzebuje od Ciebie brakujacych pol dla ID_MODEL 70: PLIK;;;;;;
NISKI;KYOCERA;300ci;1;520(4/4);520;4/4;;;Druk;Drukarka laserowa A4;NIE;https://ksero-partner.com.pl/imgdev/Utax 300ci.jpg;4;4;0;0;0;gotowy_master;Moge od razu uzywac tego ID_MODEL przy naprawie powiazan i przy automatyzacji /device.;"Brak; rekord nadaje sie na wzorzec.";;;;;;
NISKI;KYOCERA;P 6235C;1;282(3/4);282;3/4;PLIK;;Druk;Drukarka laserowa A4;NIE;;4;4;0;0;0;uzupelnic_master;Moge uzupelnic rekord ID_MODEL=282 po podaniu brakujacych wartosci.;Potrzebuje od Ciebie brakujacych pol dla ID_MODEL 282: PLIK;;;;;;
NISKI;KYOCERA;P-5532;1;525(3/4);525;3/4;PLIK;;Druk;Drukarka laserowa A4;NIE;;4;4;0;0;0;uzupelnic_master;Moge uzupelnic rekord ID_MODEL=525 po podaniu brakujacych wartosci.;Potrzebuje od Ciebie brakujacych pol dla ID_MODEL 525: PLIK;;;;;;
NISKI;RICOH;1515;1;427(3/4);427;3/4;PLIK;;Druk;Kserokopiarka cyfrowa A3;NIE;;4;4;0;0;0;uzupelnic_master;Moge uzupelnic rekord ID_MODEL=427 po podaniu brakujacych wartosci.;Potrzebuje od Ciebie brakujacych pol dla ID_MODEL 427: PLIK;;;;;;
NISKI;RICOH;DSC 328;1;314(3/4);314;3/4;PLIK;;Druk;Kserokopiarka cyfrowa A3;TAK;;4;4;0;0;0;uzupelnic_master;Moge uzupelnic rekord ID_MODEL=314 po podaniu brakujacych wartosci.;Potrzebuje od Ciebie brakujacych pol dla ID_MODEL 314: PLIK;;;;;;
NISKI;RICOH;DSC 424;1;316(3/4);316;3/4;PLIK;;Druk;Kserokopiarka cyfrowa A3;TAK;;4;4;0;0;0;uzupelnic_master;Moge uzupelnic rekord ID_MODEL=316 po podaniu brakujacych wartosci.;Potrzebuje od Ciebie brakujacych pol dla ID_MODEL 316: PLIK;;;;;;
NISKI;RICOH;DSC 435;1;317(3/4);317;3/4;PLIK;;Druk;Kserokopiarka cyfrowa A3 kolorowa;TAK;;4;4;0;0;0;uzupelnic_master;Moge uzupelnic rekord ID_MODEL=317 po podaniu brakujacych wartosci.;Potrzebuje od Ciebie brakujacych pol dla ID_MODEL 317: PLIK;;;;;;
NISKI;RICOH;IMC 2000;2;461(3/4), 579(3/4);461;3/4;RODZAJ;;Druk;;TAK;https://ksero-partner.com.pl/imgdev/ran_ricoh_im_c2000.png;4;4;0;0;0;wybrac_kanoniczny;Moge scalic logike na jeden rekord kanoniczny i potem hurtowo przepiac urzadzenia po Twojej decyzji.;Potrzebuje od Ciebie wyboru jednego kanonicznego ID_MODEL z grupy duplikatow. Dodatkowo trzeba domknac: RODZAJ.;;;;;;
NISKI;RICOH;MP 1600;1;337(2/4);337;2/4;KOLOR, PLIK;;Druk;Kserokopiarka cyfrowa A3;;;4;4;0;0;0;uzupelnic_master;Moge uzupelnic rekord ID_MODEL=337 po podaniu brakujacych wartosci.;Potrzebuje od Ciebie brakujacych pol dla ID_MODEL 337: KOLOR, PLIK;;;;;;
NISKI;RICOH;MP 5000;1;363(4/4);363;4/4;;;Druk;Kserokopiarka cyfrowa A3;NIE;https://ksero-partner.com.pl/imgdev/R2555_3055.jpg;4;4;0;0;0;gotowy_master;Moge od razu uzywac tego ID_MODEL przy naprawie powiazan i przy automatyzacji /device.;"Brak; rekord nadaje sie na wzorzec.";;;;;;
NISKI;RICOH;MP 6002;1;367(3/4);367;3/4;PLIK;;Druk;Kserokopiarka cyfrowa A3;NIE;;4;4;0;0;0;uzupelnic_master;Moge uzupelnic rekord ID_MODEL=367 po podaniu brakujacych wartosci.;Potrzebuje od Ciebie brakujacych pol dla ID_MODEL 367: PLIK;;;;;;
NISKI;RICOH;Ricoh IM 350;1;632(3/4);632;3/4;RODZAJ;;Druk;;NIE;https://ksero-partner.com.pl/imgdev/R_IM_350.jpg;4;4;0;0;0;uzupelnic_master;Moge uzupelnic rekord ID_MODEL=632 po podaniu brakujacych wartosci.;Potrzebuje od Ciebie brakujacych pol dla ID_MODEL 632: RODZAJ;;;;;;
NISKI;CANON;IR 1024IF;1;27(3/4);27;3/4;PLIK;;Druk;Kserokopiarka cyfrowa A4;NIE;;3;3;0;0;0;uzupelnic_master;Moge uzupelnic rekord ID_MODEL=27 po podaniu brakujacych wartosci.;Potrzebuje od Ciebie brakujacych pol dla ID_MODEL 27: PLIK;;;;;;
NISKI;CANON;IR 2200;1;31(3/4);31;3/4;PLIK;;Druk;Kserokopiarka cyfrowa A3;NIE;;3;3;0;0;0;uzupelnic_master;Moge uzupelnic rekord ID_MODEL=31 po podaniu brakujacych wartosci.;Potrzebuje od Ciebie brakujacych pol dla ID_MODEL 31: PLIK;;;;;;
NISKI;CANON;IR 6555I;1;42(3/4);42;3/4;PLIK;;Druk;Kserokopiarka cyfrowa A3;NIE;;3;3;0;0;0;uzupelnic_master;Moge uzupelnic rekord ID_MODEL=42 po podaniu brakujacych wartosci.;Potrzebuje od Ciebie brakujacych pol dla ID_MODEL 42: PLIK;;;;;;
NISKI;CANON;IR ADVANCE 4225I;1;45(3/4);45;3/4;PLIK;;Druk;Kserokopiarka cyfrowa A3;TAK;;3;3;0;0;0;uzupelnic_master;Moge uzupelnic rekord ID_MODEL=45 po podaniu brakujacych wartosci.;Potrzebuje od Ciebie brakujacych pol dla ID_MODEL 45: PLIK;;;;;;
NISKI;CANON;imagePROGRAF TM-300;1;63(2/4);63;2/4;KOLOR, PLIK;;Druk;ploter;;;3;3;0;0;0;uzupelnic_master;Moge uzupelnic rekord ID_MODEL=63 po podaniu brakujacych wartosci.;Potrzebuje od Ciebie brakujacych pol dla ID_MODEL 63: KOLOR, PLIK;;;;;;
NISKI;EPSON;EPSONSC-T 5100;1;84(2/4);84;2/4;KOLOR, PLIK;;Druk;ploter;;;3;3;0;0;0;uzupelnic_master;Moge uzupelnic rekord ID_MODEL=84 po podaniu brakujacych wartosci.;Potrzebuje od Ciebie brakujacych pol dla ID_MODEL 84: KOLOR, PLIK;;;;;;
NISKI;EPSON;WF-C5790DWF;1;93(3/4);93;3/4;PLIK;;Druk;urządzenie wielofunkcyjne;TAK;;3;3;0;0;0;uzupelnic_master;Moge uzupelnic rekord ID_MODEL=93 po podaniu brakujacych wartosci.;Potrzebuje od Ciebie brakujacych pol dla ID_MODEL 93: PLIK;;;;;;
NISKI;HP;DesignJet T650;1;151(2/4);151;2/4;KOLOR, PLIK;;Druk;Drukarka laserowa A4;;;3;3;0;0;0;uzupelnic_master;Moge uzupelnic rekord ID_MODEL=151 po podaniu brakujacych wartosci.;Potrzebuje od Ciebie brakujacych pol dla ID_MODEL 151: KOLOR, PLIK;;;;;;
NISKI;HP;HP Designjet 510;1;153(2/4);153;2/4;KOLOR, PLIK;;Druk;ploter;;;3;3;0;0;0;uzupelnic_master;Moge uzupelnic rekord ID_MODEL=153 po podaniu brakujacych wartosci.;Potrzebuje od Ciebie brakujacych pol dla ID_MODEL 153: KOLOR, PLIK;;;;;;
NISKI;KONICA MINOLTA;BIZHUB 223;1;242(3/4);242;3/4;PLIK;;Druk;Kserokopiarka cyfrowa A3;NIE;;3;3;0;0;0;uzupelnic_master;Moge uzupelnic rekord ID_MODEL=242 po podaniu brakujacych wartosci.;Potrzebuje od Ciebie brakujacych pol dla ID_MODEL 242: PLIK;;;;;;
NISKI;KONICA MINOLTA;C 450;1;262(3/4);262;3/4;PLIK;;Druk;Kserokopiarka cyfrowa A3 kolorowa;TAK;;3;3;0;0;0;uzupelnic_master;Moge uzupelnic rekord ID_MODEL=262 po podaniu brakujacych wartosci.;Potrzebuje od Ciebie brakujacych pol dla ID_MODEL 262: PLIK;;;;;;
NISKI;KONICA MINOLTA;C 451;2;263(2/4), 548(2/4);263;2/4;RODZAJ, PLIK;;Druk;;TAK;;3;3;0;0;0;wybrac_kanoniczny;Moge scalic logike na jeden rekord kanoniczny i potem hurtowo przepiac urzadzenia po Twojej decyzji.;Potrzebuje od Ciebie wyboru jednego kanonicznego ID_MODEL z grupy duplikatow. Dodatkowo trzeba domknac: RODZAJ, PLIK.;;;;;;
NISKI;KONICA MINOLTA;INEO+ 284;1;74(3/4);74;3/4;PLIK;;Druk;Kserokopiarka cyfrowa A3;TAK;;3;3;0;0;0;uzupelnic_master;Moge uzupelnic rekord ID_MODEL=74 po podaniu brakujacych wartosci.;Potrzebuje od Ciebie brakujacych pol dla ID_MODEL 74: PLIK;;;;;;
NISKI;KYOCERA;TASKalfa 356ci;1;283(3/4);283;3/4;KOLOR;;Druk;Drukarka laserowa A4;;https://ksero-partner.com.pl/imgdev/utax 300ci.jpg;3;3;0;0;0;uzupelnic_master;Moge uzupelnic rekord ID_MODEL=283 po podaniu brakujacych wartosci.;Potrzebuje od Ciebie brakujacych pol dla ID_MODEL 283: KOLOR;;;;;;
NISKI;RICOH;3205;1;306(3/4);306;3/4;PLIK;;Druk;Kserokopiarka cyfrowa A3;NIE;;3;3;0;0;0;uzupelnic_master;Moge uzupelnic rekord ID_MODEL=306 po podaniu brakujacych wartosci.;Potrzebuje od Ciebie brakujacych pol dla ID_MODEL 306: PLIK;;;;;;
NISKI;RICOH;5210 SF;1;449(3/4);449;3/4;PLIK;;Druk;Drukarka laserowa A4;NIE;;3;3;0;0;0;uzupelnic_master;Moge uzupelnic rekord ID_MODEL=449 po podaniu brakujacych wartosci.;Potrzebuje od Ciebie brakujacych pol dla ID_MODEL 449: PLIK;;;;;;
NISKI;RICOH;7502;1;450(3/4);450;3/4;PLIK;;Druk;Kserokopiarka cyfrowa A3;NIE;;3;3;0;0;0;uzupelnic_master;Moge uzupelnic rekord ID_MODEL=450 po podaniu brakujacych wartosci.;Potrzebuje od Ciebie brakujacych pol dla ID_MODEL 450: PLIK;;;;;;
NISKI;RICOH;DSM 735;1;335(3/4);335;3/4;PLIK;;Druk;Kserokopiarka cyfrowa A3;NIE;;3;3;0;0;0;uzupelnic_master;Moge uzupelnic rekord ID_MODEL=335 po podaniu brakujacych wartosci.;Potrzebuje od Ciebie brakujacych pol dla ID_MODEL 335: PLIK;;;;;;
NISKI;RICOH;MP 3053;1;474(4/4);474;4/4;;;Druk;Kserokopiarka cyfrowa A3;NIE;https://ksero-partner.com.pl/imgdev/R2555_3055.jpg;3;3;0;0;0;gotowy_master;Moge od razu uzywac tego ID_MODEL przy naprawie powiazan i przy automatyzacji /device.;"Brak; rekord nadaje sie na wzorzec.";;;;;;
NISKI;RICOH;MP 5054;2;484(4/4), 595(4/4);484;4/4;;;Druk;Kserokopiarka analogowa A3;NIE;https://ksero-partner.com.pl/imgdev/R2555_3055.jpg;3;3;0;0;0;wybrac_kanoniczny;Moge scalic logike na jeden rekord kanoniczny i potem hurtowo przepiac urzadzenia po Twojej decyzji.;Potrzebuje od Ciebie wyboru jednego kanonicznego ID_MODEL z grupy duplikatow.;;;;;;
NISKI;RICOH;MP 8001;1;370(3/4);370;3/4;PLIK;;Druk;Kserokopiarka cyfrowa A3;NIE;;3;3;0;0;0;uzupelnic_master;Moge uzupelnic rekord ID_MODEL=370 po podaniu brakujacych wartosci.;Potrzebuje od Ciebie brakujacych pol dla ID_MODEL 370: PLIK;;;;;;
NISKI;RICOH;MPC 2004ex sp;1;403(4/4);403;4/4;;;Druk;Kserokopiarka cyfrowa A3 kolorowa;TAK;https://ksero-partner.com.pl/imgdev/R_MPC3004_4504SP.jpg;3;3;0;0;0;gotowy_master;Moge od razu uzywac tego ID_MODEL przy naprawie powiazan i przy automatyzacji /device.;"Brak; rekord nadaje sie na wzorzec.";;;;;;
NISKI;TRIUMPH-ADLER;P-C3061;1;515(3/4);515;3/4;PLIK;;Druk;Drukarka laserowa A4;TAK;;3;3;0;0;0;uzupelnic_master;Moge uzupelnic rekord ID_MODEL=515 po podaniu brakujacych wartosci.;Potrzebuje od Ciebie brakujacych pol dla ID_MODEL 515: PLIK;;;;;;
NISKI;CANON;6612;1;17(3/4);17;3/4;PLIK;;Druk;Kserokopiarka analogowa A4;NIE;;2;2;0;0;0;uzupelnic_master;Moge uzupelnic rekord ID_MODEL=17 po podaniu brakujacych wartosci.;Potrzebuje od Ciebie brakujacych pol dla ID_MODEL 17: PLIK;;;;;;
NISKI;CANON;C 5030I;1;19(2/4);19;2/4;RODZAJ, PLIK;;Druk;;TAK;;2;2;0;0;0;uzupelnic_master;Moge uzupelnic rekord ID_MODEL=19 po podaniu brakujacych wartosci.;Potrzebuje od Ciebie brakujacych pol dla ID_MODEL 19: RODZAJ, PLIK;;;;;;
NISKI;CANON;FORMULA DR- 6010C;1;20(2/4);20;2/4;KOLOR, PLIK;;Druk;Skaner;;;2;2;0;0;0;uzupelnic_master;Moge uzupelnic rekord ID_MODEL=20 po podaniu brakujacych wartosci.;Potrzebuje od Ciebie brakujacych pol dla ID_MODEL 20: KOLOR, PLIK;;;;;;
NISKI;CANON;IPF 770;1;23(3/4);23;3/4;PLIK;;Druk;Urządzenie wielkoformatowe;TAK;;2;2;0;0;0;uzupelnic_master;Moge uzupelnic rekord ID_MODEL=23 po podaniu brakujacych wartosci.;Potrzebuje od Ciebie brakujacych pol dla ID_MODEL 23: PLIK;;;;;;
NISKI;CANON;IR 1022I;1;26(3/4);26;3/4;PLIK;;Druk;Kserokopiarka cyfrowa A4;NIE;;2;2;0;0;0;uzupelnic_master;Moge uzupelnic rekord ID_MODEL=26 po podaniu brakujacych wartosci.;Potrzebuje od Ciebie brakujacych pol dla ID_MODEL 26: PLIK;;;;;;
NISKI;CANON;IR 1133;1;28(3/4);28;3/4;PLIK;;Druk;Kserokopiarka cyfrowa A4;NIE;;2;2;0;0;0;uzupelnic_master;Moge uzupelnic rekord ID_MODEL=28 po podaniu brakujacych wartosci.;Potrzebuje od Ciebie brakujacych pol dla ID_MODEL 28: PLIK;;;;;;
NISKI;CANON;IR 2270;2;32(2/4), 552(2/4);32;2/4;RODZAJ, PLIK;;Druk;;NIE;;2;2;0;0;0;wybrac_kanoniczny;Moge scalic logike na jeden rekord kanoniczny i potem hurtowo przepiac urzadzenia po Twojej decyzji.;Potrzebuje od Ciebie wyboru jednego kanonicznego ID_MODEL z grupy duplikatow. Dodatkowo trzeba domknac: RODZAJ, PLIK.;;;;;;
NISKI;CANON;IR 2800;1;35(3/4);35;3/4;PLIK;;Druk;Kserokopiarka cyfrowa A3;NIE;;2;2;0;0;0;uzupelnic_master;Moge uzupelnic rekord ID_MODEL=35 po podaniu brakujacych wartosci.;Potrzebuje od Ciebie brakujacych pol dla ID_MODEL 35: PLIK;;;;;;
NISKI;CANON;IR ADVANCE C2225I;1;47(4/4);47;4/4;;;Druk;Kserokopiarka cyfrowa A3 kolorowa;TAK;https://ksero-partner.com.pl/imgdev/irc3225i.jpg;2;2;0;0;0;gotowy_master;Moge od razu uzywac tego ID_MODEL przy naprawie powiazan i przy automatyzacji /device.;"Brak; rekord nadaje sie na wzorzec.";;;;;;
NISKI;CANON;IR ADVANCE C5235I;1;48(3/4);48;3/4;KOLOR;;Druk;Kserokopiarka cyfrowa A3 kolorowa;;https://ksero-partner.com.pl/imgdev/irc3225i.jpg;2;2;0;0;0;uzupelnic_master;Moge uzupelnic rekord ID_MODEL=48 po podaniu brakujacych wartosci.;Potrzebuje od Ciebie brakujacych pol dla ID_MODEL 48: KOLOR;;;;;;
NISKI;CANON;IR-ADV 525i;1;51(3/4);51;3/4;PLIK;;Druk;urządzenie wielofunkcyjne A4;TAK;;2;2;0;0;0;uzupelnic_master;Moge uzupelnic rekord ID_MODEL=51 po podaniu brakujacych wartosci.;Potrzebuje od Ciebie brakujacych pol dla ID_MODEL 51: PLIK;;;;;;
NISKI;EPSON;WF-869RD3TWFC;1;92(3/4);92;3/4;PLIK;;Druk;urządzenie wielofunkcyjne;TAK;;2;2;0;0;0;uzupelnic_master;Moge uzupelnic rekord ID_MODEL=92 po podaniu brakujacych wartosci.;Potrzebuje od Ciebie brakujacych pol dla ID_MODEL 92: PLIK;;;;;;
NISKI;EPSON;WF-C878R;1;97(2/4);97;2/4;RODZAJ, PLIK;;Druk;;TAK;;2;2;0;0;0;uzupelnic_master;Moge uzupelnic rekord ID_MODEL=97 po podaniu brakujacych wartosci.;Potrzebuje od Ciebie brakujacych pol dla ID_MODEL 97: RODZAJ, PLIK;;;;;;
NISKI;HP;500;1;146(3/4);146;3/4;PLIK;;Druk;Urządzenie wielkoformatowe;NIE;;2;2;0;0;0;uzupelnic_master;Moge uzupelnic rekord ID_MODEL=146 po podaniu brakujacych wartosci.;Potrzebuje od Ciebie brakujacych pol dla ID_MODEL 146: PLIK;;;;;;
NISKI;HP;LJ 2727MF;1;160(3/4);160;3/4;PLIK;;Druk;Drukarka laserowa A4;NIE;;2;2;0;0;0;uzupelnic_master;Moge uzupelnic rekord ID_MODEL=160 po podaniu brakujacych wartosci.;Potrzebuje od Ciebie brakujacych pol dla ID_MODEL 160: PLIK;;;;;;
NISKI;KONICA MINOLTA;360;1;239(3/4);239;3/4;PLIK;;Druk;Kserokopiarka cyfrowa A3;NIE;;2;2;0;0;0;uzupelnic_master;Moge uzupelnic rekord ID_MODEL=239 po podaniu brakujacych wartosci.;Potrzebuje od Ciebie brakujacych pol dla ID_MODEL 239: PLIK;;;;;;
NISKI;KONICA MINOLTA;BIZNHUB 211;1;244(2/4);244;2/4;KOLOR, PLIK;;Druk;Kserokopiarka cyfrowa A3;;;2;2;0;0;0;uzupelnic_master;Moge uzupelnic rekord ID_MODEL=244 po podaniu brakujacych wartosci.;Potrzebuje od Ciebie brakujacych pol dla ID_MODEL 244: KOLOR, PLIK;;;;;;
NISKI;KONICA MINOLTA;C 204;1;246(2/4);246;2/4;RODZAJ, PLIK;;Druk;;TAK;;2;2;0;0;0;uzupelnic_master;Moge uzupelnic rekord ID_MODEL=246 po podaniu brakujacych wartosci.;Potrzebuje od Ciebie brakujacych pol dla ID_MODEL 246: RODZAJ, PLIK;;;;;;
NISKI;KONICA MINOLTA;C 250;1;252(3/4);252;3/4;PLIK;;Druk;Kserokopiarka cyfrowa A3 kolorowa;TAK;;2;2;0;0;0;uzupelnic_master;Moge uzupelnic rekord ID_MODEL=252 po podaniu brakujacych wartosci.;Potrzebuje od Ciebie brakujacych pol dla ID_MODEL 252: PLIK;;;;;;
NISKI;KONICA MINOLTA;C 253;1;254(3/4);254;3/4;PLIK;;Druk;Kserokopiarka cyfrowa A3 kolorowa;TAK;;2;2;0;0;0;uzupelnic_master;Moge uzupelnic rekord ID_MODEL=254 po podaniu brakujacych wartosci.;Potrzebuje od Ciebie brakujacych pol dla ID_MODEL 254: PLIK;;;;;;
NISKI;KONICA MINOLTA;C 258;2;255(3/4), 268(3/4);255;3/4;PLIK;;Druk;kserokoparka laserowa A3 kolorowa;TAK;;2;2;0;0;0;wybrac_kanoniczny;Moge scalic logike na jeden rekord kanoniczny i potem hurtowo przepiac urzadzenia po Twojej decyzji.;Potrzebuje od Ciebie wyboru jednego kanonicznego ID_MODEL z grupy duplikatow. Dodatkowo trzeba domknac: PLIK.;;;;;;
NISKI;KONICA MINOLTA;C 300;1;256(3/4);256;3/4;PLIK;;Druk;Kserokopiarka cyfrowa A3 kolorowa;TAK;;2;2;0;0;0;uzupelnic_master;Moge uzupelnic rekord ID_MODEL=256 po podaniu brakujacych wartosci.;Potrzebuje od Ciebie brakujacych pol dla ID_MODEL 256: PLIK;;;;;;
NISKI;KONICA MINOLTA;C 360;1;261(3/4);261;3/4;PLIK;;Druk;Kserokopiarka cyfrowa A3;TAK;;2;2;0;0;0;uzupelnic_master;Moge uzupelnic rekord ID_MODEL=261 po podaniu brakujacych wartosci.;Potrzebuje od Ciebie brakujacych pol dla ID_MODEL 261: PLIK;;;;;;
NISKI;KONICA MINOLTA;INEO 227;1;71(3/4);71;3/4;PLIK;;Druk;Kserokopiarka cyfrowa A3;TAK;;2;2;0;0;0;uzupelnic_master;Moge uzupelnic rekord ID_MODEL=71 po podaniu brakujacych wartosci.;Potrzebuje od Ciebie brakujacych pol dla ID_MODEL 71: PLIK;;;;;;
NISKI;KONICA MINOLTA;INEO+ 3351;1;75(3/4);75;3/4;PLIK;;Druk;Kserokopiarka cyfrowa A3;TAK;;2;2;0;0;0;uzupelnic_master;Moge uzupelnic rekord ID_MODEL=75 po podaniu brakujacych wartosci.;Potrzebuje od Ciebie brakujacych pol dla ID_MODEL 75: PLIK;;;;;;
NISKI;KONICA MINOLTA;INEO+ 6000L;1;79(2/4);79;2/4;KOLOR, PLIK;;Druk;Kserokopiarka cyfrowa A3 kolorowa;;;2;2;0;0;0;uzupelnic_master;Moge uzupelnic rekord ID_MODEL=79 po podaniu brakujacych wartosci.;Potrzebuje od Ciebie brakujacych pol dla ID_MODEL 79: KOLOR, PLIK;;;;;;
NISKI;KYOCERA;3212i;1;510(3/4);510;3/4;PLIK;RODZAJ sugeruje kolor, KOLOR=NIE;Druk;Kserokopiarka cyfrowa A3 kolorowa;NIE;;2;2;0;0;0;uzupelnic_master;Moge uzupelnic rekord ID_MODEL=510 po podaniu brakujacych wartosci.;Potrzebuje od Ciebie brakujacych pol dla ID_MODEL 510: PLIK;;;;;;
NISKI;KYOCERA;M 2040;1;269(2/4);269;2/4;RODZAJ, PLIK;;Druk;;NIE;;2;2;0;0;0;uzupelnic_master;Moge uzupelnic rekord ID_MODEL=269 po podaniu brakujacych wartosci.;Potrzebuje od Ciebie brakujacych pol dla ID_MODEL 269: RODZAJ, PLIK;;;;;;
NISKI;KYOCERA;M 3040I;1;279(3/4);279;3/4;PLIK;;Druk;Drukarka laserowa A4;NIE;;2;2;0;0;0;uzupelnic_master;Moge uzupelnic rekord ID_MODEL=279 po podaniu brakujacych wartosci.;Potrzebuje od Ciebie brakujacych pol dla ID_MODEL 279: PLIK;;;;;;
NISKI;KYOCERA;M3145idn;1;30002520(3/4);30002520;3/4;PLIK;;Druk;Drukarka laserowa A4;NIE;;2;2;0;0;0;uzupelnic_master;Moge uzupelnic rekord ID_MODEL=30002520 po podaniu brakujacych wartosci.;Potrzebuje od Ciebie brakujacych pol dla ID_MODEL 30002520: PLIK;;;;;;
NISKI;KYOCERA;P 5532;1;524(3/4);524;3/4;PLIK;;Druk;Drukarka laserowa A4;NIE;;2;2;0;0;0;uzupelnic_master;Moge uzupelnic rekord ID_MODEL=524 po podaniu brakujacych wartosci.;Potrzebuje od Ciebie brakujacych pol dla ID_MODEL 524: PLIK;;;;;;
NISKI;OCE;9400;1;418(3/4);418;3/4;PLIK;;Druk;Urządzenie wielkoformatowe;NIE;;2;2;0;0;0;uzupelnic_master;Moge uzupelnic rekord ID_MODEL=418 po podaniu brakujacych wartosci.;Potrzebuje od Ciebie brakujacych pol dla ID_MODEL 418: PLIK;;;;;;
NISKI;RICOH;2018;1;429(3/4);429;3/4;PLIK;;Druk;Drukarka laserowa A4;NIE;;2;2;0;0;0;uzupelnic_master;Moge uzupelnic rekord ID_MODEL=429 po podaniu brakujacych wartosci.;Potrzebuje od Ciebie brakujacych pol dla ID_MODEL 429: PLIK;;;;;;
NISKI;RICOH;201n;1;430(3/4);430;3/4;PLIK;;Druk;Drukarka laserowa A4;NIE;;2;2;0;0;0;uzupelnic_master;Moge uzupelnic rekord ID_MODEL=430 po podaniu brakujacych wartosci.;Potrzebuje od Ciebie brakujacych pol dla ID_MODEL 430: PLIK;;;;;;
NISKI;RICOH;2020;1;431(3/4);431;3/4;PLIK;;Druk;Kserokopiarka cyfrowa A3;NIE;;2;2;0;0;0;uzupelnic_master;Moge uzupelnic rekord ID_MODEL=431 po podaniu brakujacych wartosci.;Potrzebuje od Ciebie brakujacych pol dla ID_MODEL 431: PLIK;;;;;;
NISKI;RICOH;2022;1;432(3/4);432;3/4;PLIK;;Druk;Drukarka laserowa A4;NIE;;2;2;0;0;0;uzupelnic_master;Moge uzupelnic rekord ID_MODEL=432 po podaniu brakujacych wartosci.;Potrzebuje od Ciebie brakujacych pol dla ID_MODEL 432: PLIK;;;;;;
NISKI;RICOH;220;1;434(3/4);434;3/4;PLIK;;Druk;Kserokopiarka cyfrowa A3;NIE;;2;2;0;0;0;uzupelnic_master;Moge uzupelnic rekord ID_MODEL=434 po podaniu brakujacych wartosci.;Potrzebuje od Ciebie brakujacych pol dla ID_MODEL 434: PLIK;;;;;;
NISKI;RICOH;2705;1;305(3/4);305;3/4;PLIK;;Druk;Kserokopiarka cyfrowa A3;NIE;;2;2;0;0;0;uzupelnic_master;Moge uzupelnic rekord ID_MODEL=305 po podaniu brakujacych wartosci.;Potrzebuje od Ciebie brakujacych pol dla ID_MODEL 305: PLIK;;;;;;
NISKI;RICOH;3025;1;437(3/4);437;3/4;PLIK;;Druk;Kserokopiarka cyfrowa A3;NIE;;2;2;0;0;0;uzupelnic_master;Moge uzupelnic rekord ID_MODEL=437 po podaniu brakujacych wartosci.;Potrzebuje od Ciebie brakujacych pol dla ID_MODEL 437: PLIK;;;;;;
NISKI;RICOH;5200s S;1;447(3/4);447;3/4;PLIK;;Druk;Urzadzenie wielofunkcyjne laserowe;NIE;;2;2;0;0;0;uzupelnic_master;Moge uzupelnic rekord ID_MODEL=447 po podaniu brakujacych wartosci.;Potrzebuje od Ciebie brakujacych pol dla ID_MODEL 447: PLIK;;;;;;
NISKI;RICOH;6002;1;309(3/4);309;3/4;PLIK;;Druk;Kserokopiarka cyfrowa A3;NIE;;2;2;0;0;0;uzupelnic_master;Moge uzupelnic rekord ID_MODEL=309 po podaniu brakujacych wartosci.;Potrzebuje od Ciebie brakujacych pol dla ID_MODEL 309: PLIK;;;;;;
NISKI;RICOH;D 422;1;312(3/4);312;3/4;PLIK;;Druk;Kserokopiarka cyfrowa A3;NIE;;2;2;0;0;0;uzupelnic_master;Moge uzupelnic rekord ID_MODEL=312 po podaniu brakujacych wartosci.;Potrzebuje od Ciebie brakujacych pol dla ID_MODEL 312: PLIK;;;;;;
NISKI;RICOH;IM 3000;2;536(3/4), 540(3/4);536;3/4;PLIK;;Druk;Kserokopiarka cyfrowa A3;NIE;;2;2;0;0;0;wybrac_kanoniczny;Moge scalic logike na jeden rekord kanoniczny i potem hurtowo przepiac urzadzenia po Twojej decyzji.;Potrzebuje od Ciebie wyboru jednego kanonicznego ID_MODEL z grupy duplikatow. Dodatkowo trzeba domknac: PLIK.;;;;;;
NISKI;RICOH;MP 2014D;1;343(3/4);343;3/4;PLIK;;Druk;Kserokopiarka cyfrowa A3;NIE;;2;2;0;0;0;uzupelnic_master;Moge uzupelnic rekord ID_MODEL=343 po podaniu brakujacych wartosci.;Potrzebuje od Ciebie brakujacych pol dla ID_MODEL 343: PLIK;;;;;;
NISKI;RICOH;MP 2205;1;345(3/4);345;3/4;PLIK;;Druk;Kserokopiarka cyfrowa A3;NIE;;2;2;0;0;0;uzupelnic_master;Moge uzupelnic rekord ID_MODEL=345 po podaniu brakujacych wartosci.;Potrzebuje od Ciebie brakujacych pol dla ID_MODEL 345: PLIK;;;;;;
NISKI;RICOH;MP 2352;3;587(4/4), 613(4/4), 346(3/4);587;4/4;;;Druk;Kserokopiarka cyfrowa A4;NIE;https://ksero-partner.com.pl/imgdev/R2555_3055.jpg;2;2;0;0;0;wybrac_kanoniczny;Moge scalic logike na jeden rekord kanoniczny i potem hurtowo przepiac urzadzenia po Twojej decyzji.;Potrzebuje od Ciebie wyboru jednego kanonicznego ID_MODEL z grupy duplikatow.;;;;;;
NISKI;RICOH;MP 2555Sp;1;373(4/4);373;4/4;;;Druk;Kserokopiarka cyfrowa A3;NIE;https://ksero-partner.com.pl/imgdev/R2555_3055.jpg;2;2;0;0;0;gotowy_master;Moge od razu uzywac tego ID_MODEL przy naprawie powiazan i przy automatyzacji /device.;"Brak; rekord nadaje sie na wzorzec.";;;;;;
NISKI;RICOH;MP 3002;1;471(3/4);471;3/4;PLIK;;Druk;Kserokopiarka cyfrowa A3;NIE;;2;2;0;0;0;uzupelnic_master;Moge uzupelnic rekord ID_MODEL=471 po podaniu brakujacych wartosci.;Potrzebuje od Ciebie brakujacych pol dla ID_MODEL 471: PLIK;;;;;;
NISKI;RICOH;MP 4000B;1;204(3/4);204;3/4;PLIK;;Druk;Kserokopiarka cyfrowa A3;NIE;;2;2;0;0;0;uzupelnic_master;Moge uzupelnic rekord ID_MODEL=204 po podaniu brakujacych wartosci.;Potrzebuje od Ciebie brakujacych pol dla ID_MODEL 204: PLIK;;;;;;
NISKI;RICOH;MP 402;1;481(4/4);481;4/4;;;Druk;Drukarka laserowa A4;NIE;https://ksero-partner.com.pl/imgdev/ran_ricoh_mp_301.png;2;2;0;0;0;gotowy_master;Moge od razu uzywac tego ID_MODEL przy naprawie powiazan i przy automatyzacji /device.;"Brak; rekord nadaje sie na wzorzec.";;;;;;
NISKI;RICOH;MP 4054SP;1;375(4/4);375;4/4;;;Druk;Kserokopiarka cyfrowa A3;NIE;https://ksero-partner.com.pl/imgdev/R2555_3055.jpg;2;2;0;0;0;gotowy_master;Moge od razu uzywac tego ID_MODEL przy naprawie powiazan i przy automatyzacji /device.;"Brak; rekord nadaje sie na wzorzec.";;;;;;
NISKI;RICOH;MP 5002;1;483(3/4);483;3/4;PLIK;;Druk;Kserokopiarka cyfrowa A3;NIE;;2;2;0;0;0;uzupelnic_master;Moge uzupelnic rekord ID_MODEL=483 po podaniu brakujacych wartosci.;Potrzebuje od Ciebie brakujacych pol dla ID_MODEL 483: PLIK;;;;;;
NISKI;RICOH;MP 501SP;2;376(3/4), 30002514(2/4);376;3/4;PLIK;;Druk;Kserokopiarka cyfrowa A3;NIE;;2;2;0;0;0;wybrac_kanoniczny;Moge scalic logike na jeden rekord kanoniczny i potem hurtowo przepiac urzadzenia po Twojej decyzji.;Potrzebuje od Ciebie wyboru jednego kanonicznego ID_MODEL z grupy duplikatow. Dodatkowo trzeba domknac: PLIK.;;;;;;
NISKI;RICOH;MP 7001;1;369(3/4);369;3/4;PLIK;;Druk;Kserokopiarka cyfrowa A3;NIE;;2;2;0;0;0;uzupelnic_master;Moge uzupelnic rekord ID_MODEL=369 po podaniu brakujacych wartosci.;Potrzebuje od Ciebie brakujacych pol dla ID_MODEL 369: PLIK;;;;;;
NISKI;RICOH;MP6055;1;30002500(3/4);30002500;3/4;PLIK;;Druk;Kserokopiarka cyfrowa A3;NIE;;2;2;0;0;0;uzupelnic_master;Moge uzupelnic rekord ID_MODEL=30002500 po podaniu brakujacych wartosci.;Potrzebuje od Ciebie brakujacych pol dla ID_MODEL 30002500: PLIK;;;;;;
NISKI;RICOH;MPC 401;1;494(2/4);494;2/4;RODZAJ, PLIK;;Druk;;TAK;;2;2;0;0;0;uzupelnic_master;Moge uzupelnic rekord ID_MODEL=494 po podaniu brakujacych wartosci.;Potrzebuje od Ciebie brakujacych pol dla ID_MODEL 494: RODZAJ, PLIK;;;;;;
NISKI;RICOH;SP 5210 SR;1;408(3/4);408;3/4;PLIK;;Druk;Urzadzenie wielofunkcyjne laserowe;NIE;;2;2;0;0;0;uzupelnic_master;Moge uzupelnic rekord ID_MODEL=408 po podaniu brakujacych wartosci.;Potrzebuje od Ciebie brakujacych pol dla ID_MODEL 408: PLIK;;;;;;
NISKI;TRIUMPH-ADLER;2506ci;1;512(4/4);512;4/4;;;Druk;urządzenie wielofunkcyjne;NIE;https://ksero-partner.com.pl/imgdev/utax-2506ci.jpg;2;2;0;0;0;gotowy_master;Moge od razu uzywac tego ID_MODEL przy naprawie powiazan i przy automatyzacji /device.;"Brak; rekord nadaje sie na wzorzec.";;;;;;
NISKI;BROTHER;DCP-L 5500 dn;1;7(1/4);7;1/4;RODZAJ, KOLOR, PLIK;;Druk;;;;1;1;0;0;0;uzupelnic_master;Moge uzupelnic rekord ID_MODEL=7 po podaniu brakujacych wartosci.;Potrzebuje od Ciebie brakujacych pol dla ID_MODEL 7: RODZAJ, KOLOR, PLIK;;;;;;
NISKI;BROTHER;MFC-J6920DW;1;10(2/4);10;2/4;RODZAJ, PLIK;;Druk;;NIE;;1;1;0;0;0;uzupelnic_master;Moge uzupelnic rekord ID_MODEL=10 po podaniu brakujacych wartosci.;Potrzebuje od Ciebie brakujacych pol dla ID_MODEL 10: RODZAJ, PLIK;;;;;;
NISKI;BROTHER;MPF-8950DW;1;8(3/4);8;3/4;PLIK;;Druk;urządzenie wielofunkcyjne;TAK;;1;1;0;0;0;uzupelnic_master;Moge uzupelnic rekord ID_MODEL=8 po podaniu brakujacych wartosci.;Potrzebuje od Ciebie brakujacych pol dla ID_MODEL 8: PLIK;;;;;;
NISKI;BROTHER;XYZ;1;9(1/4);9;1/4;RODZAJ, KOLOR, PLIK;;Druk;;;;1;1;0;0;0;uzupelnic_master;Moge uzupelnic rekord ID_MODEL=9 po podaniu brakujacych wartosci.;Potrzebuje od Ciebie brakujacych pol dla ID_MODEL 9: RODZAJ, KOLOR, PLIK;;;;;;
NISKI;CANON;1643 i;1;30002493(2/4);30002493;2/4;RODZAJ, PLIK;;Druk;;NIE;;1;1;0;0;0;uzupelnic_master;Moge uzupelnic rekord ID_MODEL=30002493 po podaniu brakujacych wartosci.;Potrzebuje od Ciebie brakujacych pol dla ID_MODEL 30002493: RODZAJ, PLIK;;;;;;
NISKI;CANON;4025I;1;14(3/4);14;3/4;PLIK;;Druk;Kserokopiarka analogowa A3;NIE;;1;1;0;0;0;uzupelnic_master;Moge uzupelnic rekord ID_MODEL=14 po podaniu brakujacych wartosci.;Potrzebuje od Ciebie brakujacych pol dla ID_MODEL 14: PLIK;;;;;;
NISKI;CANON;4320D;1;15(3/4);15;3/4;PLIK;;Druk;Drukarka laserowa A4;NIE;;1;1;0;0;0;uzupelnic_master;Moge uzupelnic rekord ID_MODEL=15 po podaniu brakujacych wartosci.;Potrzebuje od Ciebie brakujacych pol dla ID_MODEL 15: PLIK;;;;;;
NISKI;CANON;C 250I;1;18(3/4);18;3/4;PLIK;;Druk;Kserokopiarka cyfrowa A4;TAK;;1;1;0;0;0;uzupelnic_master;Moge uzupelnic rekord ID_MODEL=18 po podaniu brakujacych wartosci.;Potrzebuje od Ciebie brakujacych pol dla ID_MODEL 18: PLIK;;;;;;
NISKI;CANON;DR-G2110;1;546(3/4);546;3/4;PLIK;;Druk;Skaner;NIE;;1;1;0;0;0;uzupelnic_master;Moge uzupelnic rekord ID_MODEL=546 po podaniu brakujacych wartosci.;Potrzebuje od Ciebie brakujacych pol dla ID_MODEL 546: PLIK;;;;;;
NISKI;CANON;IPF 750;1;21(3/4);21;3/4;PLIK;;Druk;ploter;TAK;;1;1;0;0;0;uzupelnic_master;Moge uzupelnic rekord ID_MODEL=21 po podaniu brakujacych wartosci.;Potrzebuje od Ciebie brakujacych pol dla ID_MODEL 21: PLIK;;;;;;
NISKI;CANON;IPF 755;1;22(3/4);22;3/4;PLIK;;Druk;Urządzenie wielkoformatowe;TAK;;1;1;0;0;0;uzupelnic_master;Moge uzupelnic rekord ID_MODEL=22 po podaniu brakujacych wartosci.;Potrzebuje od Ciebie brakujacych pol dla ID_MODEL 22: PLIK;;;;;;
NISKI;CANON;IR 1020;1;25(3/4);25;3/4;PLIK;;Druk;Kserokopiarka cyfrowa A4;NIE;;1;1;0;0;0;uzupelnic_master;Moge uzupelnic rekord ID_MODEL=25 po podaniu brakujacych wartosci.;Potrzebuje od Ciebie brakujacych pol dla ID_MODEL 25: PLIK;;;;;;
NISKI;CANON;IR 2022;1;30(3/4);30;3/4;PLIK;;Druk;Kserokopiarka cyfrowa A3;NIE;;1;1;0;0;0;uzupelnic_master;Moge uzupelnic rekord ID_MODEL=30 po podaniu brakujacych wartosci.;Potrzebuje od Ciebie brakujacych pol dla ID_MODEL 30: PLIK;;;;;;
NISKI;CANON;IR 2530;2;34(3/4), 553(3/4);34;3/4;PLIK;;Druk;Drukarka laserowa A3;NIE;;1;1;0;0;0;wybrac_kanoniczny;Moge scalic logike na jeden rekord kanoniczny i potem hurtowo przepiac urzadzenia po Twojej decyzji.;Potrzebuje od Ciebie wyboru jednego kanonicznego ID_MODEL z grupy duplikatow. Dodatkowo trzeba domknac: PLIK.;;;;;;
NISKI;CANON;IR 2870;1;36(3/4);36;3/4;PLIK;;Druk;Kserokopiarka cyfrowa A3;NIE;;1;1;0;0;0;uzupelnic_master;Moge uzupelnic rekord ID_MODEL=36 po podaniu brakujacych wartosci.;Potrzebuje od Ciebie brakujacych pol dla ID_MODEL 36: PLIK;;;;;;
NISKI;CANON;IR 3235;1;38(3/4);38;3/4;PLIK;;Druk;Kserokopiarka cyfrowa A3;NIE;;1;1;0;0;0;uzupelnic_master;Moge uzupelnic rekord ID_MODEL=38 po podaniu brakujacych wartosci.;Potrzebuje od Ciebie brakujacych pol dla ID_MODEL 38: PLIK;;;;;;
NISKI;CANON;IR 3245;1;39(3/4);39;3/4;PLIK;;Druk;Kserokopiarka cyfrowa A3;NIE;;1;1;0;0;0;uzupelnic_master;Moge uzupelnic rekord ID_MODEL=39 po podaniu brakujacych wartosci.;Potrzebuje od Ciebie brakujacych pol dla ID_MODEL 39: PLIK;;;;;;
NISKI;CANON;IR 5000;1;41(3/4);41;3/4;PLIK;;Druk;Kserokopiarka cyfrowa A3;NIE;;1;1;0;0;0;uzupelnic_master;Moge uzupelnic rekord ID_MODEL=41 po podaniu brakujacych wartosci.;Potrzebuje od Ciebie brakujacych pol dla ID_MODEL 41: PLIK;;;;;;
NISKI;CANON;IR ADV DX C 3720i;1;43(1/4);43;1/4;RODZAJ, KOLOR, PLIK;;Druk;;;;1;1;0;0;0;uzupelnic_master;Moge uzupelnic rekord ID_MODEL=43 po podaniu brakujacych wartosci.;Potrzebuje od Ciebie brakujacych pol dla ID_MODEL 43: RODZAJ, KOLOR, PLIK;;;;;;
NISKI;CANON;IR ADVANCE 400I;1;44(3/4);44;3/4;PLIK;;Druk;Kserokopiarka cyfrowa A4;TAK;;1;1;0;0;0;uzupelnic_master;Moge uzupelnic rekord ID_MODEL=44 po podaniu brakujacych wartosci.;Potrzebuje od Ciebie brakujacych pol dla ID_MODEL 44: PLIK;;;;;;
NISKI;CANON;IR ADVANCE C6255I;1;49(2/4);49;2/4;KOLOR, PLIK;;Druk;Kserokopiarka cyfrowa A3;;;1;1;0;0;0;uzupelnic_master;Moge uzupelnic rekord ID_MODEL=49 po podaniu brakujacych wartosci.;Potrzebuje od Ciebie brakujacych pol dla ID_MODEL 49: KOLOR, PLIK;;;;;;
NISKI;CANON;IR C2280I;1;50(4/4);50;4/4;;;Druk;Kserokopiarka cyfrowa A3 kolorowa;TAK;https://ksero-partner.com.pl/imgdev/irc3225i.jpg;1;1;0;0;0;gotowy_master;Moge od razu uzywac tego ID_MODEL przy naprawie powiazan i przy automatyzacji /device.;"Brak; rekord nadaje sie na wzorzec.";;;;;;
NISKI;CANON;IRC 2380I;1;52(4/4);52;4/4;;;Druk;Kserokopiarka cyfrowa A3 kolorowa;TAK;https://ksero-partner.com.pl/imgdev/irc3225i.jpg;1;1;0;0;0;gotowy_master;Moge od razu uzywac tego ID_MODEL przy naprawie powiazan i przy automatyzacji /device.;"Brak; rekord nadaje sie na wzorzec.";;;;;;
NISKI;CANON;IRC3720i;2;53(3/4), 554(3/4);53;3/4;RODZAJ;;Druk;;TAK;https://ksero-partner.com.pl/imgdev/irc3225i.jpg;1;1;0;0;0;wybrac_kanoniczny;Moge scalic logike na jeden rekord kanoniczny i potem hurtowo przepiac urzadzenia po Twojej decyzji.;Potrzebuje od Ciebie wyboru jednego kanonicznego ID_MODEL z grupy duplikatow. Dodatkowo trzeba domknac: RODZAJ.;;;;;;
NISKI;CANON;ISENSYS LBP 6670DN;1;54(2/4);54;2/4;KOLOR, PLIK;;Druk;Drukarka laserowa A4;;;1;1;0;0;0;uzupelnic_master;Moge uzupelnic rekord ID_MODEL=54 po podaniu brakujacych wartosci.;Potrzebuje od Ciebie brakujacych pol dla ID_MODEL 54: KOLOR, PLIK;;;;;;
NISKI;CANON;L- 160;1;55(2/4);55;2/4;KOLOR, PLIK;;Druk;Urzadzenie wielofunkcyjne laserowe;;;1;1;0;0;0;uzupelnic_master;Moge uzupelnic rekord ID_MODEL=55 po podaniu brakujacych wartosci.;Potrzebuje od Ciebie brakujacych pol dla ID_MODEL 55: KOLOR, PLIK;;;;;;
NISKI;CANON;MF 229DW;1;56(2/4);56;2/4;RODZAJ, PLIK;;Druk;;NIE;;1;1;0;0;0;uzupelnic_master;Moge uzupelnic rekord ID_MODEL=56 po podaniu brakujacych wartosci.;Potrzebuje od Ciebie brakujacych pol dla ID_MODEL 56: RODZAJ, PLIK;;;;;;
NISKI;CANON;NP 612;2;57(1/4), 555(1/4);57;1/4;RODZAJ, KOLOR, PLIK;;Druk;;;;1;1;0;0;0;wybrac_kanoniczny;Moge scalic logike na jeden rekord kanoniczny i potem hurtowo przepiac urzadzenia po Twojej decyzji.;Potrzebuje od Ciebie wyboru jednego kanonicznego ID_MODEL z grupy duplikatow. Dodatkowo trzeba domknac: RODZAJ, KOLOR, PLIK.;;;;;;
NISKI;CANON;NP 6512;1;58(2/4);58;2/4;KOLOR, PLIK;;Druk;Drukarka laserowa A4;;;1;1;0;0;0;uzupelnic_master;Moge uzupelnic rekord ID_MODEL=58 po podaniu brakujacych wartosci.;Potrzebuje od Ciebie brakujacych pol dla ID_MODEL 58: KOLOR, PLIK;;;;;;
NISKI;CANON;PC-D 320;1;59(2/4);59;2/4;KOLOR, PLIK;;Druk;Kserokopiarka cyfrowa A4;;;1;1;0;0;0;uzupelnic_master;Moge uzupelnic rekord ID_MODEL=59 po podaniu brakujacych wartosci.;Potrzebuje od Ciebie brakujacych pol dla ID_MODEL 59: KOLOR, PLIK;;;;;;
NISKI;CANON;PIXMA MG5750;1;60(2/4);60;2/4;KOLOR, PLIK;;Druk;Drukarka laserowa A4;;;1;1;0;0;0;uzupelnic_master;Moge uzupelnic rekord ID_MODEL=60 po podaniu brakujacych wartosci.;Potrzebuje od Ciebie brakujacych pol dla ID_MODEL 60: KOLOR, PLIK;;;;;;
NISKI;CANON;SF 330;1;61(3/4);61;3/4;PLIK;;Druk;Skaner;NIE;;1;1;0;0;0;uzupelnic_master;Moge uzupelnic rekord ID_MODEL=61 po podaniu brakujacych wartosci.;Potrzebuje od Ciebie brakujacych pol dla ID_MODEL 61: PLIK;;;;;;
NISKI;CANON;i-SENSYS MF754Cdw;2;62(2/4), 556(2/4);62;2/4;KOLOR, PLIK;;Druk;urządzenie wielofunkcyjne;;;1;1;0;0;0;wybrac_kanoniczny;Moge scalic logike na jeden rekord kanoniczny i potem hurtowo przepiac urzadzenia po Twojej decyzji.;Potrzebuje od Ciebie wyboru jednego kanonicznego ID_MODEL z grupy duplikatow. Dodatkowo trzeba domknac: KOLOR, PLIK.;;;;;;
NISKI;CANON;imagePROGRAF iPF670;1;64(2/4);64;2/4;KOLOR, PLIK;;Druk;ploter;;;1;1;0;0;0;uzupelnic_master;Moge uzupelnic rekord ID_MODEL=64 po podaniu brakujacych wartosci.;Potrzebuje od Ciebie brakujacych pol dla ID_MODEL 64: KOLOR, PLIK;;;;;;
NISKI;EPSON;EB-U 05;1;81(3/4);81;3/4;PLIK;;Druk;urządzenie wielofunkcyjne;NIE;;1;1;0;0;0;uzupelnic_master;Moge uzupelnic rekord ID_MODEL=81 po podaniu brakujacych wartosci.;Potrzebuje od Ciebie brakujacych pol dla ID_MODEL 81: PLIK;;;;;;
NISKI;EPSON;EH-TW 5650;1;82(3/4);82;3/4;PLIK;;Druk;urządzenie wielofunkcyjne;NIE;;1;1;0;0;0;uzupelnic_master;Moge uzupelnic rekord ID_MODEL=82 po podaniu brakujacych wartosci.;Potrzebuje od Ciebie brakujacych pol dla ID_MODEL 82: PLIK;;;;;;
NISKI;EPSON;EPSONEB-U 42;1;83(2/4);83;2/4;KOLOR, PLIK;;Druk;Inne;;;1;1;0;0;0;uzupelnic_master;Moge uzupelnic rekord ID_MODEL=83 po podaniu brakujacych wartosci.;Potrzebuje od Ciebie brakujacych pol dla ID_MODEL 83: KOLOR, PLIK;;;;;;
NISKI;EPSON;SC-T 5100;1;85(3/4);85;3/4;PLIK;;Druk;ploter- do rozliczeń;NIE;;1;1;0;0;0;uzupelnic_master;Moge uzupelnic rekord ID_MODEL=85 po podaniu brakujacych wartosci.;Potrzebuje od Ciebie brakujacych pol dla ID_MODEL 85: PLIK;;;;;;
NISKI;EPSON;SC-T5200D;1;86(3/4);86;3/4;PLIK;;Druk;Urządzenie wielkoformatowe;NIE;;1;1;0;0;0;uzupelnic_master;Moge uzupelnic rekord ID_MODEL=86 po podaniu brakujacych wartosci.;Potrzebuje od Ciebie brakujacych pol dla ID_MODEL 86: PLIK;;;;;;
NISKI;EPSON;WF-100W;1;88(3/4);88;3/4;PLIK;;Druk;Drukarka laserowa A4;TAK;;1;1;0;0;0;uzupelnic_master;Moge uzupelnic rekord ID_MODEL=88 po podaniu brakujacych wartosci.;Potrzebuje od Ciebie brakujacych pol dla ID_MODEL 88: PLIK;;;;;;
NISKI;EPSON;WF-5690;1;89(3/4);89;3/4;PLIK;;Druk;urządzenie wielofunkcyjne;TAK;;1;1;0;0;0;uzupelnic_master;Moge uzupelnic rekord ID_MODEL=89 po podaniu brakujacych wartosci.;Potrzebuje od Ciebie brakujacych pol dla ID_MODEL 89: PLIK;;;;;;
NISKI;EPSON;WF-C579R;1;94(3/4);94;3/4;PLIK;;Druk;urządzenie wielofunkcyjne;TAK;;1;1;0;0;0;uzupelnic_master;Moge uzupelnic rekord ID_MODEL=94 po podaniu brakujacych wartosci.;Potrzebuje od Ciebie brakujacych pol dla ID_MODEL 94: PLIK;;;;;;
NISKI;EPSON;WFC PRO 879 RD WF;2;100(2/4), 558(2/4);100;2/4;KOLOR, PLIK;;Druk;urządzenie wielofunkcyjne;;;1;1;0;0;0;wybrac_kanoniczny;Moge scalic logike na jeden rekord kanoniczny i potem hurtowo przepiac urzadzenia po Twojej decyzji.;Potrzebuje od Ciebie wyboru jednego kanonicznego ID_MODEL z grupy duplikatow. Dodatkowo trzeba domknac: KOLOR, PLIK.;;;;;;
NISKI;HP;1320;1;142(3/4);142;3/4;PLIK;;Druk;Drukarka laserowa A4;NIE;;1;1;0;0;0;uzupelnic_master;Moge uzupelnic rekord ID_MODEL=142 po podaniu brakujacych wartosci.;Potrzebuje od Ciebie brakujacych pol dla ID_MODEL 142: PLIK;;;;;;
NISKI;HP;2320;1;143(3/4);143;3/4;PLIK;;Druk;Drukarka laserowa A4;NIE;;1;1;0;0;0;uzupelnic_master;Moge uzupelnic rekord ID_MODEL=143 po podaniu brakujacych wartosci.;Potrzebuje od Ciebie brakujacych pol dla ID_MODEL 143: PLIK;;;;;;
NISKI;HP;3015;1;144(2/4);144;2/4;RODZAJ, PLIK;;Druk;;NIE;;1;1;0;0;0;uzupelnic_master;Moge uzupelnic rekord ID_MODEL=144 po podaniu brakujacych wartosci.;Potrzebuje od Ciebie brakujacych pol dla ID_MODEL 144: RODZAJ, PLIK;;;;;;
NISKI;HP;3545;1;145(3/4);145;3/4;PLIK;;Druk;Kserokopiarka cyfrowa A4;NIE;;1;1;0;0;0;uzupelnic_master;Moge uzupelnic rekord ID_MODEL=145 po podaniu brakujacych wartosci.;Potrzebuje od Ciebie brakujacych pol dla ID_MODEL 145: PLIK;;;;;;
NISKI;HP;Color Laser 2600;1;147(2/4);147;2/4;KOLOR, PLIK;;Druk;Drukarka laserowa A4;;;1;1;0;0;0;uzupelnic_master;Moge uzupelnic rekord ID_MODEL=147 po podaniu brakujacych wartosci.;Potrzebuje od Ciebie brakujacych pol dla ID_MODEL 147: KOLOR, PLIK;;;;;;
NISKI;HP;Color Laser CP3525dn;1;148(2/4);148;2/4;KOLOR, PLIK;;Druk;Drukarka laserowa A4;;;1;1;0;0;0;uzupelnic_master;Moge uzupelnic rekord ID_MODEL=148 po podaniu brakujacych wartosci.;Potrzebuje od Ciebie brakujacych pol dla ID_MODEL 148: KOLOR, PLIK;;;;;;
NISKI;HP;DESIGNJET T1300ps;1;149(2/4);149;2/4;KOLOR, PLIK;;Druk;ploter;;;1;1;0;0;0;uzupelnic_master;Moge uzupelnic rekord ID_MODEL=149 po podaniu brakujacych wartosci.;Potrzebuje od Ciebie brakujacych pol dla ID_MODEL 149: KOLOR, PLIK;;;;;;
NISKI;HP;Design Jet T3500;1;30002515(3/4);30002515;3/4;PLIK;;Druk;ploter;NIE;;1;1;0;0;0;uzupelnic_master;Moge uzupelnic rekord ID_MODEL=30002515 po podaniu brakujacych wartosci.;Potrzebuje od Ciebie brakujacych pol dla ID_MODEL 30002515: PLIK;;;;;;
NISKI;HP;DesignJet 750C+;1;150(2/4);150;2/4;KOLOR, PLIK;;Druk;ploter;;;1;1;0;0;0;uzupelnic_master;Moge uzupelnic rekord ID_MODEL=150 po podaniu brakujacych wartosci.;Potrzebuje od Ciebie brakujacych pol dla ID_MODEL 150: KOLOR, PLIK;;;;;;
NISKI;HP;DesignJet T2300;1;30002510(2/4);30002510;2/4;RODZAJ, PLIK;;Druk;;NIE;;1;1;0;0;0;uzupelnic_master;Moge uzupelnic rekord ID_MODEL=30002510 po podaniu brakujacych wartosci.;Potrzebuje od Ciebie brakujacych pol dla ID_MODEL 30002510: RODZAJ, PLIK;;;;;;
NISKI;HP;DesignJet T525;1;424(1/4);424;1/4;RODZAJ, KOLOR, PLIK;;Druk;;;;1;1;0;0;0;uzupelnic_master;Moge uzupelnic rekord ID_MODEL=424 po podaniu brakujacych wartosci.;Potrzebuje od Ciebie brakujacych pol dla ID_MODEL 424: RODZAJ, KOLOR, PLIK;;;;;;
NISKI;HP;E77830;1;152(3/4);152;3/4;PLIK;;Druk;urządzenie wielofunkcyjne;NIE;;1;1;0;0;0;uzupelnic_master;Moge uzupelnic rekord ID_MODEL=152 po podaniu brakujacych wartosci.;Potrzebuje od Ciebie brakujacych pol dla ID_MODEL 152: PLIK;;;;;;
NISKI;HP;HP Designjet T525;1;154(2/4);154;2/4;KOLOR, PLIK;;Druk;ploter;;;1;1;0;0;0;uzupelnic_master;Moge uzupelnic rekord ID_MODEL=154 po podaniu brakujacych wartosci.;Potrzebuje od Ciebie brakujacych pol dla ID_MODEL 154: KOLOR, PLIK;;;;;;
NISKI;HP;HP Designjet T730;1;156(2/4);156;2/4;KOLOR, PLIK;;Druk;ploter;;;1;1;0;0;0;uzupelnic_master;Moge uzupelnic rekord ID_MODEL=156 po podaniu brakujacych wartosci.;Potrzebuje od Ciebie brakujacych pol dla ID_MODEL 156: KOLOR, PLIK;;;;;;
NISKI;HP;LASER JET PRO MFPM227-fdm;1;157(2/4);157;2/4;KOLOR, PLIK;;Druk;Drukarka laserowa A4;;;1;1;0;0;0;uzupelnic_master;Moge uzupelnic rekord ID_MODEL=157 po podaniu brakujacych wartosci.;Potrzebuje od Ciebie brakujacych pol dla ID_MODEL 157: KOLOR, PLIK;;;;;;
NISKI;HP;LASER JET PRO MFPM28-M31;1;158(2/4);158;2/4;KOLOR, PLIK;;Druk;Drukarka laserowa A4;;;1;1;0;0;0;uzupelnic_master;Moge uzupelnic rekord ID_MODEL=158 po podaniu brakujacych wartosci.;Potrzebuje od Ciebie brakujacych pol dla ID_MODEL 158: KOLOR, PLIK;;;;;;
NISKI;HP;LJ 1212;1;159(3/4);159;3/4;PLIK;;Druk;Drukarka laserowa A4;NIE;;1;1;0;0;0;uzupelnic_master;Moge uzupelnic rekord ID_MODEL=159 po podaniu brakujacych wartosci.;Potrzebuje od Ciebie brakujacych pol dla ID_MODEL 159: PLIK;;;;;;
NISKI;HP;LJ 4000;1;161(3/4);161;3/4;PLIK;;Druk;Drukarka laserowa A4;NIE;;1;1;0;0;0;uzupelnic_master;Moge uzupelnic rekord ID_MODEL=161 po podaniu brakujacych wartosci.;Potrzebuje od Ciebie brakujacych pol dla ID_MODEL 161: PLIK;;;;;;
NISKI;HP;LJ M201DW;1;162(3/4);162;3/4;PLIK;;Druk;Drukarka laserowa A4;NIE;;1;1;0;0;0;uzupelnic_master;Moge uzupelnic rekord ID_MODEL=162 po podaniu brakujacych wartosci.;Potrzebuje od Ciebie brakujacych pol dla ID_MODEL 162: PLIK;;;;;;
NISKI;HP;LJ P2015 D;1;163(3/4);163;3/4;PLIK;;Druk;Drukarka laserowa A4;NIE;;1;1;0;0;0;uzupelnic_master;Moge uzupelnic rekord ID_MODEL=163 po podaniu brakujacych wartosci.;Potrzebuje od Ciebie brakujacych pol dla ID_MODEL 163: PLIK;;;;;;
NISKI;HP;LaserJet 3052;1;164(1/4);164;1/4;RODZAJ, KOLOR, PLIK;;Druk;;;;1;1;0;0;0;uzupelnic_master;Moge uzupelnic rekord ID_MODEL=164 po podaniu brakujacych wartosci.;Potrzebuje od Ciebie brakujacych pol dla ID_MODEL 164: RODZAJ, KOLOR, PLIK;;;;;;
NISKI;HP;LaserJet M1522nf;1;165(2/4);165;2/4;KOLOR, PLIK;;Druk;Drukarka laserowa A4;;;1;1;0;0;0;uzupelnic_master;Moge uzupelnic rekord ID_MODEL=165 po podaniu brakujacych wartosci.;Potrzebuje od Ciebie brakujacych pol dla ID_MODEL 165: KOLOR, PLIK;;;;;;
NISKI;HP;LaserJet500;1;166(2/4);166;2/4;RODZAJ, PLIK;;Druk;;NIE;;1;1;0;0;0;uzupelnic_master;Moge uzupelnic rekord ID_MODEL=166 po podaniu brakujacych wartosci.;Potrzebuje od Ciebie brakujacych pol dla ID_MODEL 166: RODZAJ, PLIK;;;;;;
NISKI;HP;M575;1;167(2/4);167;2/4;RODZAJ, PLIK;;Druk;;NIE;;1;1;0;0;0;uzupelnic_master;Moge uzupelnic rekord ID_MODEL=167 po podaniu brakujacych wartosci.;Potrzebuje od Ciebie brakujacych pol dla ID_MODEL 167: RODZAJ, PLIK;;;;;;
NISKI;HP;Officejet 6500A;1;168(2/4);168;2/4;KOLOR, PLIK;;Druk;Drukarka laserowa A4;;;1;1;0;0;0;uzupelnic_master;Moge uzupelnic rekord ID_MODEL=168 po podaniu brakujacych wartosci.;Potrzebuje od Ciebie brakujacych pol dla ID_MODEL 168: KOLOR, PLIK;;;;;;
NISKI;HP;T 795;1;169(2/4);169;2/4;KOLOR, PLIK;;Druk;Urządzenie wielkoformatowe;;;1;1;0;0;0;uzupelnic_master;Moge uzupelnic rekord ID_MODEL=169 po podaniu brakujacych wartosci.;Potrzebuje od Ciebie brakujacych pol dla ID_MODEL 169: KOLOR, PLIK;;;;;;
NISKI;HP;laserJet pro 400 M 401 dn;1;170(1/4);170;1/4;RODZAJ, KOLOR, PLIK;;Druk;;;;1;1;0;0;0;uzupelnic_master;Moge uzupelnic rekord ID_MODEL=170 po podaniu brakujacych wartosci.;Potrzebuje od Ciebie brakujacych pol dla ID_MODEL 170: RODZAJ, KOLOR, PLIK;;;;;;
NISKI;HP;mfp426 fdw;1;533(1/4);533;1/4;RODZAJ, KOLOR, PLIK;;Druk;;;;1;1;0;0;0;uzupelnic_master;Moge uzupelnic rekord ID_MODEL=533 po podaniu brakujacych wartosci.;Potrzebuje od Ciebie brakujacych pol dla ID_MODEL 533: RODZAJ, KOLOR, PLIK;;;;;;
NISKI;KONICA MINOLTA;+ 250I;2;68(1/4), 557(1/4);68;1/4;RODZAJ, KOLOR, PLIK;;Druk;;;;1;1;0;0;0;wybrac_kanoniczny;Moge scalic logike na jeden rekord kanoniczny i potem hurtowo przepiac urzadzenia po Twojej decyzji.;Potrzebuje od Ciebie wyboru jednego kanonicznego ID_MODEL z grupy duplikatow. Dodatkowo trzeba domknac: RODZAJ, KOLOR, PLIK.;;;;;;
NISKI;KONICA MINOLTA;1216;1;231(3/4);231;3/4;PLIK;;Druk;Kserokopiarka cyfrowa A4;NIE;;1;1;0;0;0;uzupelnic_master;Moge uzupelnic rekord ID_MODEL=231 po podaniu brakujacych wartosci.;Potrzebuje od Ciebie brakujacych pol dla ID_MODEL 231: PLIK;;;;;;
NISKI;KONICA MINOLTA;1480MF;1;232(3/4);232;3/4;PLIK;;Druk;Kserokopiarka cyfrowa A4;NIE;;1;1;0;0;0;uzupelnic_master;Moge uzupelnic rekord ID_MODEL=232 po podaniu brakujacych wartosci.;Potrzebuje od Ciebie brakujacych pol dla ID_MODEL 232: PLIK;;;;;;
NISKI;KONICA MINOLTA;163;1;234(3/4);234;3/4;PLIK;;Druk;Kserokopiarka cyfrowa A4;NIE;;1;1;0;0;0;uzupelnic_master;Moge uzupelnic rekord ID_MODEL=234 po podaniu brakujacych wartosci.;Potrzebuje od Ciebie brakujacych pol dla ID_MODEL 234: PLIK;;;;;;
NISKI;KONICA MINOLTA;164;1;235(3/4);235;3/4;PLIK;;Druk;Kserokopiarka cyfrowa A4;NIE;;1;1;0;0;0;uzupelnic_master;Moge uzupelnic rekord ID_MODEL=235 po podaniu brakujacych wartosci.;Potrzebuje od Ciebie brakujacych pol dla ID_MODEL 235: PLIK;;;;;;
NISKI;KONICA MINOLTA;1690 MF;1;236(3/4);236;3/4;PLIK;;Druk;Kserokopiarka cyfrowa A4;NIE;;1;1;0;0;0;uzupelnic_master;Moge uzupelnic rekord ID_MODEL=236 po podaniu brakujacych wartosci.;Potrzebuje od Ciebie brakujacych pol dla ID_MODEL 236: PLIK;;;;;;
NISKI;KONICA MINOLTA;236;1;69(3/4);69;3/4;PLIK;;Druk;Kserokopiarka cyfrowa A3;NIE;;1;1;0;0;0;uzupelnic_master;Moge uzupelnic rekord ID_MODEL=69 po podaniu brakujacych wartosci.;Potrzebuje od Ciebie brakujacych pol dla ID_MODEL 69: PLIK;;;;;;
NISKI;KONICA MINOLTA;282;1;237(3/4);237;3/4;PLIK;;Druk;Kserokopiarka cyfrowa A3;NIE;;1;1;0;0;0;uzupelnic_master;Moge uzupelnic rekord ID_MODEL=237 po podaniu brakujacych wartosci.;Potrzebuje od Ciebie brakujacych pol dla ID_MODEL 237: PLIK;;;;;;
NISKI;KONICA MINOLTA;283;1;238(3/4);238;3/4;PLIK;RODZAJ sugeruje kolor, KOLOR=NIE;Druk;Kserokopiarka cyfrowa A3 kolorowa;NIE;;1;1;0;0;0;uzupelnic_master;Moge uzupelnic rekord ID_MODEL=238 po podaniu brakujacych wartosci.;Potrzebuje od Ciebie brakujacych pol dla ID_MODEL 238: PLIK;;;;;;
NISKI;KONICA MINOLTA;7145;1;240(3/4);240;3/4;PLIK;;Druk;Kserokopiarka cyfrowa A3;NIE;;1;1;0;0;0;uzupelnic_master;Moge uzupelnic rekord ID_MODEL=240 po podaniu brakujacych wartosci.;Potrzebuje od Ciebie brakujacych pol dla ID_MODEL 240: PLIK;;;;;;
NISKI;KONICA MINOLTA;7222;1;241(3/4);241;3/4;PLIK;;Druk;Kserokopiarka cyfrowa A3;NIE;;1;1;0;0;0;uzupelnic_master;Moge uzupelnic rekord ID_MODEL=241 po podaniu brakujacych wartosci.;Potrzebuje od Ciebie brakujacych pol dla ID_MODEL 241: PLIK;;;;;;
NISKI;KONICA MINOLTA;BIZHUB 250;1;243(2/4);243;2/4;RODZAJ, PLIK;;Druk;;NIE;;1;1;0;0;0;uzupelnic_master;Moge uzupelnic rekord ID_MODEL=243 po podaniu brakujacych wartosci.;Potrzebuje od Ciebie brakujacych pol dla ID_MODEL 243: RODZAJ, PLIK;;;;;;
NISKI;KONICA MINOLTA;BIZHUB C25;1;267(2/4);267;2/4;RODZAJ, PLIK;;Druk;;NIE;;1;1;0;0;0;uzupelnic_master;Moge uzupelnic rekord ID_MODEL=267 po podaniu brakujacych wartosci.;Potrzebuje od Ciebie brakujacych pol dla ID_MODEL 267: RODZAJ, PLIK;;;;;;
NISKI;KONICA MINOLTA;C 227;2;249(3/4), 551(3/4);249;3/4;PLIK;;Druk;Kserokopiarka cyfrowa A3 kolorowa;TAK;;1;1;0;0;0;wybrac_kanoniczny;Moge scalic logike na jeden rekord kanoniczny i potem hurtowo przepiac urzadzenia po Twojej decyzji.;Potrzebuje od Ciebie wyboru jednego kanonicznego ID_MODEL z grupy duplikatow. Dodatkowo trzeba domknac: PLIK.;;;;;;
NISKI;KONICA MINOLTA;C 235;1;250(3/4);250;3/4;PLIK;;Druk;Kserokopiarka cyfrowa A3 kolorowa;TAK;;1;1;0;0;0;uzupelnic_master;Moge uzupelnic rekord ID_MODEL=250 po podaniu brakujacych wartosci.;Potrzebuje od Ciebie brakujacych pol dla ID_MODEL 250: PLIK;;;;;;
NISKI;KONICA MINOLTA;C 3320;1;258(3/4);258;3/4;PLIK;;Druk;Kserokopiarka cyfrowa A4 kolorowa;TAK;;1;1;0;0;0;uzupelnic_master;Moge uzupelnic rekord ID_MODEL=258 po podaniu brakujacych wartosci.;Potrzebuje od Ciebie brakujacych pol dla ID_MODEL 258: PLIK;;;;;;
NISKI;KONICA MINOLTA;C 3350;1;259(3/4);259;3/4;PLIK;;Druk;kserokopiarka laserowa A4 kolorowa;TAK;;1;1;0;0;0;uzupelnic_master;Moge uzupelnic rekord ID_MODEL=259 po podaniu brakujacych wartosci.;Potrzebuje od Ciebie brakujacych pol dla ID_MODEL 259: PLIK;;;;;;
NISKI;KONICA MINOLTA;C 452;1;264(3/4);264;3/4;PLIK;;Druk;Kserokopiarka cyfrowa A3 kolorowa;TAK;;1;1;0;0;0;uzupelnic_master;Moge uzupelnic rekord ID_MODEL=264 po podaniu brakujacych wartosci.;Potrzebuje od Ciebie brakujacych pol dla ID_MODEL 264: PLIK;;;;;;
NISKI;KONICA MINOLTA;DIALT DI 16XX;1;265(2/4);265;2/4;KOLOR, PLIK;;Druk;Kserokopiarka cyfrowa A4;;;1;1;0;0;0;uzupelnic_master;Moge uzupelnic rekord ID_MODEL=265 po podaniu brakujacych wartosci.;Potrzebuje od Ciebie brakujacych pol dla ID_MODEL 265: KOLOR, PLIK;;;;;;
NISKI;KONICA MINOLTA;INEO+ 364;1;76(3/4);76;3/4;PLIK;;Druk;Kserokopiarka cyfrowa A3;TAK;;1;1;0;0;0;uzupelnic_master;Moge uzupelnic rekord ID_MODEL=76 po podaniu brakujacych wartosci.;Potrzebuje od Ciebie brakujacych pol dla ID_MODEL 76: PLIK;;;;;;
NISKI;KONICA MINOLTA;INEO+ 451;1;77(3/4);77;3/4;PLIK;;Druk;Kserokopiarka cyfrowa A3 kolorowa;TAK;;1;1;0;0;0;uzupelnic_master;Moge uzupelnic rekord ID_MODEL=77 po podaniu brakujacych wartosci.;Potrzebuje od Ciebie brakujacych pol dla ID_MODEL 77: PLIK;;;;;;
NISKI;KONICA MINOLTA;INEO+ 454E;1;78(3/4);78;3/4;PLIK;;Druk;Kserokopiarka cyfrowa A3 kolorowa;TAK;;1;1;0;0;0;uzupelnic_master;Moge uzupelnic rekord ID_MODEL=78 po podaniu brakujacych wartosci.;Potrzebuje od Ciebie brakujacych pol dla ID_MODEL 78: PLIK;;;;;;
NISKI;KONICA MINOLTA;MAGICOLOR 1690MF;1;266(2/4);266;2/4;KOLOR, PLIK;;Druk;Drukarka laserowa A4;;;1;1;0;0;0;uzupelnic_master;Moge uzupelnic rekord ID_MODEL=266 po podaniu brakujacych wartosci.;Potrzebuje od Ciebie brakujacych pol dla ID_MODEL 266: KOLOR, PLIK;;;;;;
NISKI;KYOCERA;1650;1;272(2/4);272;2/4;RODZAJ, PLIK;;Druk;;NIE;;1;1;0;0;0;uzupelnic_master;Moge uzupelnic rekord ID_MODEL=272 po podaniu brakujacych wartosci.;Potrzebuje od Ciebie brakujacych pol dla ID_MODEL 272: RODZAJ, PLIK;;;;;;
NISKI;KYOCERA;2551ci;1;511(2/4);511;2/4;RODZAJ, PLIK;;Druk;;NIE;;1;1;0;0;0;uzupelnic_master;Moge uzupelnic rekord ID_MODEL=511 po podaniu brakujacych wartosci.;Potrzebuje od Ciebie brakujacych pol dla ID_MODEL 511: RODZAJ, PLIK;;;;;;
NISKI;KYOCERA;2553ci;1;30002518(2/4);30002518;2/4;RODZAJ, PLIK;;Druk;;TAK;;1;1;0;0;0;uzupelnic_master;Moge uzupelnic rekord ID_MODEL=30002518 po podaniu brakujacych wartosci.;Potrzebuje od Ciebie brakujacych pol dla ID_MODEL 30002518: RODZAJ, PLIK;;;;;;
NISKI;KYOCERA;301ci MFP;1;521(3/4);521;3/4;PLIK;;Druk;Drukarka laserowa A4;NIE;;1;1;0;0;0;uzupelnic_master;Moge uzupelnic rekord ID_MODEL=521 po podaniu brakujacych wartosci.;Potrzebuje od Ciebie brakujacych pol dla ID_MODEL 521: PLIK;;;;;;
NISKI;KYOCERA;3262i;1;522(3/4);522;3/4;PLIK;;Druk;urządzenie wielofunkcyjne;NIE;;1;1;0;0;0;uzupelnic_master;Moge uzupelnic rekord ID_MODEL=522 po podaniu brakujacych wartosci.;Potrzebuje od Ciebie brakujacych pol dla ID_MODEL 522: PLIK;;;;;;
NISKI;KYOCERA;C 2525E;1;273(2/4);273;2/4;RODZAJ, PLIK;;Druk;;TAK;;1;1;0;0;0;uzupelnic_master;Moge uzupelnic rekord ID_MODEL=273 po podaniu brakujacych wartosci.;Potrzebuje od Ciebie brakujacych pol dla ID_MODEL 273: RODZAJ, PLIK;;;;;;
NISKI;KYOCERA;FS 1035 MFP;1;275(3/4);275;3/4;PLIK;;Druk;Drukarka laserowa A4;NIE;;1;1;0;0;0;uzupelnic_master;Moge uzupelnic rekord ID_MODEL=275 po podaniu brakujacych wartosci.;Potrzebuje od Ciebie brakujacych pol dla ID_MODEL 275: PLIK;;;;;;
NISKI;KYOCERA;M 2035;1;278(3/4);278;3/4;PLIK;;Druk;Kserokopiarka cyfrowa A3;NIE;;1;1;0;0;0;uzupelnic_master;Moge uzupelnic rekord ID_MODEL=278 po podaniu brakujacych wartosci.;Potrzebuje od Ciebie brakujacych pol dla ID_MODEL 278: PLIK;;;;;;
NISKI;KYOCERA;M 6235CI.;1;270(2/4);270;2/4;RODZAJ, PLIK;;Druk;;NIE;;1;1;0;0;0;uzupelnic_master;Moge uzupelnic rekord ID_MODEL=270 po podaniu brakujacych wartosci.;Potrzebuje od Ciebie brakujacych pol dla ID_MODEL 270: RODZAJ, PLIK;;;;;;
NISKI;KYOCERA;P-C3562I;1;527(3/4);527;3/4;PLIK;;Druk;Drukarka laserowa A4;NIE;;1;1;0;0;0;uzupelnic_master;Moge uzupelnic rekord ID_MODEL=527 po podaniu brakujacych wartosci.;Potrzebuje od Ciebie brakujacych pol dla ID_MODEL 527: PLIK;;;;;;
NISKI;KYOCERA;PA2100cx;1;30002517(3/4);30002517;3/4;PLIK;;Druk;Drukarka laserowa A4;TAK;;1;1;0;0;0;uzupelnic_master;Moge uzupelnic rekord ID_MODEL=30002517 po podaniu brakujacych wartosci.;Potrzebuje od Ciebie brakujacych pol dla ID_MODEL 30002517: PLIK;;;;;;
NISKI;OCE;9300;1;417(3/4);417;3/4;PLIK;;Druk;Urządzenie wielkoformatowe;NIE;;1;1;0;0;0;uzupelnic_master;Moge uzupelnic rekord ID_MODEL=417 po podaniu brakujacych wartosci.;Potrzebuje od Ciebie brakujacych pol dla ID_MODEL 417: PLIK;;;;;;
NISKI;OCE;TDS 400;1;419(2/4);419;2/4;KOLOR, PLIK;;Druk;Urządzenie wielkoformatowe;;;1;1;0;0;0;uzupelnic_master;Moge uzupelnic rekord ID_MODEL=419 po podaniu brakujacych wartosci.;Potrzebuje od Ciebie brakujacych pol dla ID_MODEL 419: KOLOR, PLIK;;;;;;
NISKI;OCE;VarioLink 3622C;1;420(1/4);420;1/4;RODZAJ, KOLOR, PLIK;;Druk;;;;1;1;0;0;0;uzupelnic_master;Moge uzupelnic rekord ID_MODEL=420 po podaniu brakujacych wartosci.;Potrzebuje od Ciebie brakujacych pol dla ID_MODEL 420: RODZAJ, KOLOR, PLIK;;;;;;
NISKI;RICOH;1022;1;426(3/4);426;3/4;PLIK;;Druk;Kserokopiarka cyfrowa A3;NIE;;1;1;0;0;0;uzupelnic_master;Moge uzupelnic rekord ID_MODEL=426 po podaniu brakujacych wartosci.;Potrzebuje od Ciebie brakujacych pol dla ID_MODEL 426: PLIK;;;;;;
NISKI;RICOH;1060;1;298(3/4);298;3/4;PLIK;;Druk;Kserokopiarka cyfrowa A3;NIE;;1;1;0;0;0;uzupelnic_master;Moge uzupelnic rekord ID_MODEL=298 po podaniu brakujacych wartosci.;Potrzebuje od Ciebie brakujacych pol dla ID_MODEL 298: PLIK;;;;;;
NISKI;RICOH;1224 C;1;299(3/4);299;3/4;PLIK;;Druk;Kserokopiarka cyfrowa A3 kolorowa;TAK;;1;1;0;0;0;uzupelnic_master;Moge uzupelnic rekord ID_MODEL=299 po podaniu brakujacych wartosci.;Potrzebuje od Ciebie brakujacych pol dla ID_MODEL 299: PLIK;;;;;;
NISKI;RICOH;127;1;285(3/4);285;3/4;PLIK;;Druk;Kserokopiarka analogowa A4;NIE;;1;1;0;0;0;uzupelnic_master;Moge uzupelnic rekord ID_MODEL=285 po podaniu brakujacych wartosci.;Potrzebuje od Ciebie brakujacych pol dla ID_MODEL 285: PLIK;;;;;;
NISKI;RICOH;1502;1;138(3/4);138;3/4;PLIK;;Druk;Kserokopiarka cyfrowa A3;NIE;;1;1;0;0;0;uzupelnic_master;Moge uzupelnic rekord ID_MODEL=138 po podaniu brakujacych wartosci.;Potrzebuje od Ciebie brakujacych pol dla ID_MODEL 138: PLIK;;;;;;
NISKI;RICOH;2015;1;428(3/4);428;3/4;PLIK;;Druk;urządzenie wielofunkcyjne;NIE;;1;1;0;0;0;uzupelnic_master;Moge uzupelnic rekord ID_MODEL=428 po podaniu brakujacych wartosci.;Potrzebuje od Ciebie brakujacych pol dla ID_MODEL 428: PLIK;;;;;;
NISKI;RICOH;213w;1;433(3/4);433;3/4;PLIK;;Druk;Drukarka laserowa A4;NIE;;1;1;0;0;0;uzupelnic_master;Moge uzupelnic rekord ID_MODEL=433 po podaniu brakujacych wartosci.;Potrzebuje od Ciebie brakujacych pol dla ID_MODEL 433: PLIK;;;;;;
NISKI;RICOH;240;1;435(3/4);435;3/4;PLIK;;Druk;Drukarka laserowa A4;NIE;;1;1;0;0;0;uzupelnic_master;Moge uzupelnic rekord ID_MODEL=435 po podaniu brakujacych wartosci.;Potrzebuje od Ciebie brakujacych pol dla ID_MODEL 435: PLIK;;;;;;
NISKI;RICOH;270;1;436(3/4);436;3/4;PLIK;;Druk;Kserokopiarka analogowa A3;NIE;;1;1;0;0;0;uzupelnic_master;Moge uzupelnic rekord ID_MODEL=436 po podaniu brakujacych wartosci.;Potrzebuje od Ciebie brakujacych pol dla ID_MODEL 436: PLIK;;;;;;
NISKI;RICOH;3045;1;438(3/4);438;3/4;PLIK;;Druk;urządzenie wielofunkcyjne;NIE;;1;1;0;0;0;uzupelnic_master;Moge uzupelnic rekord ID_MODEL=438 po podaniu brakujacych wartosci.;Potrzebuje od Ciebie brakujacych pol dla ID_MODEL 438: PLIK;;;;;;
NISKI;RICOH;3500 SF;1;439(3/4);439;3/4;PLIK;;Druk;Urzadzenie wielofunkcyjne laserowe;NIE;;1;1;0;0;0;uzupelnic_master;Moge uzupelnic rekord ID_MODEL=439 po podaniu brakujacych wartosci.;Potrzebuje od Ciebie brakujacych pol dla ID_MODEL 439: PLIK;;;;;;
NISKI;RICOH;3510;1;307(3/4);307;3/4;PLIK;;Druk;Kserokopiarka cyfrowa A3;NIE;;1;1;0;0;0;uzupelnic_master;Moge uzupelnic rekord ID_MODEL=307 po podaniu brakujacych wartosci.;Potrzebuje od Ciebie brakujacych pol dla ID_MODEL 307: PLIK;;;;;;
NISKI;RICOH;3600 DN;1;440(2/4);440;2/4;RODZAJ, PLIK;;Druk;;NIE;;1;1;0;0;0;uzupelnic_master;Moge uzupelnic rekord ID_MODEL=440 po podaniu brakujacych wartosci.;Potrzebuje od Ciebie brakujacych pol dla ID_MODEL 440: RODZAJ, PLIK;;;;;;
NISKI;RICOH;377wx;1;441(3/4);441;3/4;PLIK;;Druk;Drukarka laserowa A4;NIE;;1;1;0;0;0;uzupelnic_master;Moge uzupelnic rekord ID_MODEL=441 po podaniu brakujacych wartosci.;Potrzebuje od Ciebie brakujacych pol dla ID_MODEL 441: PLIK;;;;;;
NISKI;RICOH;410;1;442(3/4);442;3/4;PLIK;;Druk;Drukarka laserowa A4;NIE;;1;1;0;0;0;uzupelnic_master;Moge uzupelnic rekord ID_MODEL=442 po podaniu brakujacych wartosci.;Potrzebuje od Ciebie brakujacych pol dla ID_MODEL 442: PLIK;;;;;;
NISKI;RICOH;4510 S;1;444(4/4);444;4/4;;;Druk;Drukarka laserowa A4;NIE;https://ksero-partner.com.pl/imgdev/R_SP4510SF.jpg;1;1;0;0;0;gotowy_master;Moge od razu uzywac tego ID_MODEL przy naprawie powiazan i przy automatyzacji /device.;"Brak; rekord nadaje sie na wzorzec.";;;;;;
NISKI;RICOH;4525;1;308(3/4);308;3/4;PLIK;;Druk;Kserokopiarka cyfrowa A3;NIE;;1;1;0;0;0;uzupelnic_master;Moge uzupelnic rekord ID_MODEL=308 po podaniu brakujacych wartosci.;Potrzebuje od Ciebie brakujacych pol dla ID_MODEL 308: PLIK;;;;;;
NISKI;RICOH;5210 S;1;448(3/4);448;3/4;PLIK;;Druk;Drukarka laserowa A4;NIE;;1;1;0;0;0;uzupelnic_master;Moge uzupelnic rekord ID_MODEL=448 po podaniu brakujacych wartosci.;Potrzebuje od Ciebie brakujacych pol dla ID_MODEL 448: PLIK;;;;;;
NISKI;RICOH;6005 (1060);1;311(3/4);311;3/4;PLIK;;Druk;Kserokopiarka cyfrowa A3;NIE;;1;1;0;0;0;uzupelnic_master;Moge uzupelnic rekord ID_MODEL=311 po podaniu brakujacych wartosci.;Potrzebuje od Ciebie brakujacych pol dla ID_MODEL 311: PLIK;;;;;;
NISKI;RICOH;6613;1;286(3/4);286;3/4;PLIK;;Druk;Kserokopiarka analogowa A4;NIE;;1;1;0;0;0;uzupelnic_master;Moge uzupelnic rekord ID_MODEL=286 po podaniu brakujacych wartosci.;Potrzebuje od Ciebie brakujacych pol dla ID_MODEL 286: PLIK;;;;;;
NISKI;RICOH;AF222;1;30002498(3/4);30002498;3/4;PLIK;;Druk;Kserokopiarka cyfrowa A3;NIE;;1;1;0;0;0;uzupelnic_master;Moge uzupelnic rekord ID_MODEL=30002498 po podaniu brakujacych wartosci.;Potrzebuje od Ciebie brakujacych pol dla ID_MODEL 30002498: PLIK;;;;;;
NISKI;RICOH;C 232;1;452(2/4);452;2/4;RODZAJ, PLIK;;Druk;;TAK;;1;1;0;0;0;uzupelnic_master;Moge uzupelnic rekord ID_MODEL=452 po podaniu brakujacych wartosci.;Potrzebuje od Ciebie brakujacych pol dla ID_MODEL 452: RODZAJ, PLIK;;;;;;
NISKI;RICOH;C 242;1;453(2/4);453;2/4;RODZAJ, PLIK;;Druk;;TAK;;1;1;0;0;0;uzupelnic_master;Moge uzupelnic rekord ID_MODEL=453 po podaniu brakujacych wartosci.;Potrzebuje od Ciebie brakujacych pol dla ID_MODEL 453: RODZAJ, PLIK;;;;;;
NISKI;RICOH;C 5100s;1;454(3/4);454;3/4;PLIK;;Druk;urządzenie wielofunkcyjne;TAK;;1;1;0;0;0;uzupelnic_master;Moge uzupelnic rekord ID_MODEL=454 po podaniu brakujacych wartosci.;Potrzebuje od Ciebie brakujacych pol dla ID_MODEL 454: PLIK;;;;;;
NISKI;RICOH;DSC 224;1;313(3/4);313;3/4;PLIK;;Druk;Kserokopiarka cyfrowa A3 kolorowa;TAK;;1;1;0;0;0;uzupelnic_master;Moge uzupelnic rekord ID_MODEL=313 po podaniu brakujacych wartosci.;Potrzebuje od Ciebie brakujacych pol dla ID_MODEL 313: PLIK;;;;;;
NISKI;RICOH;DSM 516pf;1;319(3/4);319;3/4;PLIK;;Druk;Kserokopiarka cyfrowa A4;NIE;;1;1;0;0;0;uzupelnic_master;Moge uzupelnic rekord ID_MODEL=319 po podaniu brakujacych wartosci.;Potrzebuje od Ciebie brakujacych pol dla ID_MODEL 319: PLIK;;;;;;
NISKI;RICOH;DSM 616;1;320(3/4);320;3/4;PLIK;;Druk;Kserokopiarka cyfrowa A3;NIE;;1;1;0;0;0;uzupelnic_master;Moge uzupelnic rekord ID_MODEL=320 po podaniu brakujacych wartosci.;Potrzebuje od Ciebie brakujacych pol dla ID_MODEL 320: PLIK;;;;;;
NISKI;RICOH;IM 305;2;457(3/4), 575(3/4);457;3/4;RODZAJ;;Druk;;NIE;https://ksero-partner.com.pl/imgdev/R_IM_350.jpg;1;1;0;0;0;wybrac_kanoniczny;Moge scalic logike na jeden rekord kanoniczny i potem hurtowo przepiac urzadzenia po Twojej decyzji.;Potrzebuje od Ciebie wyboru jednego kanonicznego ID_MODEL z grupy duplikatow. Dodatkowo trzeba domknac: RODZAJ.;;;;;;
NISKI;RICOH;IM 370;2;459(4/4), 577(4/4);459;4/4;;;Druk;urządzenie wielofunkcyjne;NIE;https://ksero-partner.com.pl/imgdev/R_IM_350.jpg;1;1;0;0;0;wybrac_kanoniczny;Moge scalic logike na jeden rekord kanoniczny i potem hurtowo przepiac urzadzenia po Twojej decyzji.;Potrzebuje od Ciebie wyboru jednego kanonicznego ID_MODEL z grupy duplikatow.;;;;;;
NISKI;RICOH;IM 4000;1;30002521(2/4);30002521;2/4;RODZAJ, PLIK;;Druk;;NIE;;1;1;0;0;0;uzupelnic_master;Moge uzupelnic rekord ID_MODEL=30002521 po podaniu brakujacych wartosci.;Potrzebuje od Ciebie brakujacych pol dla ID_MODEL 30002521: RODZAJ, PLIK;;;;;;
NISKI;RICOH;IMC 3010;1;30002519(2/4);30002519;2/4;RODZAJ, PLIK;;Druk;;TAK;;1;1;0;0;0;uzupelnic_master;Moge uzupelnic rekord ID_MODEL=30002519 po podaniu brakujacych wartosci.;Potrzebuje od Ciebie brakujacych pol dla ID_MODEL 30002519: RODZAJ, PLIK;;;;;;
NISKI;RICOH;IMC 320;1;30002511(3/4);30002511;3/4;PLIK;;Druk;Drukarka laserowa A4;TAK;;1;1;0;0;0;uzupelnic_master;Moge uzupelnic rekord ID_MODEL=30002511 po podaniu brakujacych wartosci.;Potrzebuje od Ciebie brakujacych pol dla ID_MODEL 30002511: PLIK;;;;;;
NISKI;RICOH;IMC 5500lt;2;468(4/4), 585(4/4);468;4/4;;;Druk;urządzenie wielofunkcyjne;TAK;https://ksero-partner.com.pl/imgdev/ran_ricoh_im_c2000.png;1;1;0;0;0;wybrac_kanoniczny;Moge scalic logike na jeden rekord kanoniczny i potem hurtowo przepiac urzadzenia po Twojej decyzji.;Potrzebuje od Ciebie wyboru jednego kanonicznego ID_MODEL z grupy duplikatow.;;;;;;
NISKI;RICOH;IMC 8000;1;30002516(3/4);30002516;3/4;PLIK;;Druk;Kserokopiarka cyfrowa A3 kolorowa;TAK;;1;1;0;0;0;uzupelnic_master;Moge uzupelnic rekord ID_MODEL=30002516 po podaniu brakujacych wartosci.;Potrzebuje od Ciebie brakujacych pol dla ID_MODEL 30002516: PLIK;;;;;;
NISKI;RICOH;IS 2060;1;201(3/4);201;3/4;PLIK;;Druk;Kserokopiarka cyfrowa A3;TAK;;1;1;0;0;0;uzupelnic_master;Moge uzupelnic rekord ID_MODEL=201 po podaniu brakujacych wartosci.;Potrzebuje od Ciebie brakujacych pol dla ID_MODEL 201: PLIK;;;;;;
NISKI;RICOH;LANIER IS 2215;1;202(2/4);202;2/4;KOLOR, PLIK;;Druk;Kserokopiarka cyfrowa A3;;;1;1;0;0;0;uzupelnic_master;Moge uzupelnic rekord ID_MODEL=202 po podaniu brakujacych wartosci.;Potrzebuje od Ciebie brakujacych pol dla ID_MODEL 202: KOLOR, PLIK;;;;;;
NISKI;RICOH;LANIER IS 2225;1;203(2/4);203;2/4;KOLOR, PLIK;;Druk;Kserokopiarka cyfrowa A3;;;1;1;0;0;0;uzupelnic_master;Moge uzupelnic rekord ID_MODEL=203 po podaniu brakujacych wartosci.;Potrzebuje od Ciebie brakujacych pol dla ID_MODEL 203: KOLOR, PLIK;;;;;;
NISKI;RICOH;M 1350;1;336(3/4);336;3/4;PLIK;RODZAJ sugeruje kolor, KOLOR=NIE;Druk;Kserokopiarka cyfrowa A4 kolorowa;NIE;;1;1;0;0;0;uzupelnic_master;Moge uzupelnic rekord ID_MODEL=336 po podaniu brakujacych wartosci.;Potrzebuje od Ciebie brakujacych pol dla ID_MODEL 336: PLIK;;;;;;
NISKI;RICOH;MP 2051;1;344(3/4);344;3/4;PLIK;;Druk;Kserokopiarka cyfrowa A3;NIE;;1;1;0;0;0;uzupelnic_master;Moge uzupelnic rekord ID_MODEL=344 po podaniu brakujacych wartosci.;Potrzebuje od Ciebie brakujacych pol dla ID_MODEL 344: PLIK;;;;;;
NISKI;RICOH;MP 3500;1;360(3/4);360;3/4;PLIK;;Druk;Kserokopiarka cyfrowa A3;NIE;;1;1;0;0;0;uzupelnic_master;Moge uzupelnic rekord ID_MODEL=360 po podaniu brakujacych wartosci.;Potrzebuje od Ciebie brakujacych pol dla ID_MODEL 360: PLIK;;;;;;
NISKI;RICOH;MP 4001;1;478(3/4);478;3/4;PLIK;;Druk;Kserokopiarka cyfrowa A3;NIE;;1;1;0;0;0;uzupelnic_master;Moge uzupelnic rekord ID_MODEL=478 po podaniu brakujacych wartosci.;Potrzebuje od Ciebie brakujacych pol dla ID_MODEL 478: PLIK;;;;;;
NISKI;RICOH;MP 6054;2;486(4/4), 596(4/4);486;4/4;;;Druk;Drukarka laserowa A3;NIE;https://ksero-partner.com.pl/imgdev/R2555_3055.jpg;1;1;0;0;0;wybrac_kanoniczny;Moge scalic logike na jeden rekord kanoniczny i potem hurtowo przepiac urzadzenia po Twojej decyzji.;Potrzebuje od Ciebie wyboru jednego kanonicznego ID_MODEL z grupy duplikatow.;;;;;;
NISKI;RICOH;MP 6500;1;368(3/4);368;3/4;PLIK;;Druk;Kserokopiarka cyfrowa A3;NIE;;1;1;0;0;0;uzupelnic_master;Moge uzupelnic rekord ID_MODEL=368 po podaniu brakujacych wartosci.;Potrzebuje od Ciebie brakujacych pol dla ID_MODEL 368: PLIK;;;;;;
NISKI;RICOH;MP 6503;1;487(4/4);487;4/4;;;Druk;Kserokopiarka cyfrowa A3;NIE;https://ksero-partner.com.pl/imgdev/R2555_3055.jpg;1;1;0;0;0;gotowy_master;Moge od razu uzywac tego ID_MODEL przy naprawie powiazan i przy automatyzacji /device.;"Brak; rekord nadaje sie na wzorzec.";;;;;;
NISKI;RICOH;MPC 2504;1;385(4/4);385;4/4;;;Druk;urządzenie wielofunkcyjne A4;TAK;https://ksero-partner.com.pl/imgdev/R_MPC3004_4504SP.jpg;1;1;0;0;0;gotowy_master;Moge od razu uzywac tego ID_MODEL przy naprawie powiazan i przy automatyzacji /device.;"Brak; rekord nadaje sie na wzorzec.";;;;;;
NISKI;RICOH;MPC 406;2;495(4/4), 606(4/4);495;4/4;;;Druk;urządzenie wielofunkcyjne A4;TAK;https://ksero-partner.com.pl/imgdev/ran_ricoh_mpc307.png;1;1;0;0;0;wybrac_kanoniczny;Moge scalic logike na jeden rekord kanoniczny i potem hurtowo przepiac urzadzenia po Twojej decyzji.;Potrzebuje od Ciebie wyboru jednego kanonicznego ID_MODEL z grupy duplikatow.;;;;;;
NISKI;RICOH;MPC 4503 SP;1;405(3/4);405;3/4;PLIK;;Druk;Kserokopiarka cyfrowa A3 kolorowa;TAK;;1;1;0;0;0;uzupelnic_master;Moge uzupelnic rekord ID_MODEL=405 po podaniu brakujacych wartosci.;Potrzebuje od Ciebie brakujacych pol dla ID_MODEL 405: PLIK;;;;;;
NISKI;RICOH;MPC 5501U;1;401(4/4);401;4/4;;;Druk;Kserokopiarka cyfrowa A3 kolorowa;TAK;https://ksero-partner.com.pl/imgdev/ran_ricoh_mp_c2003.png;1;1;0;0;0;gotowy_master;Moge od razu uzywac tego ID_MODEL przy naprawie powiazan i przy automatyzacji /device.;"Brak; rekord nadaje sie na wzorzec.";;;;;;
NISKI;RICOH;MPC 5504ex;1;502(4/4);502;4/4;;;Druk;Kserokopiarka cyfrowa A3 kolorowa;TAK;https://ksero-partner.com.pl/imgdev/R_MPC3004_4504SP.jpg;1;1;0;0;0;gotowy_master;Moge od razu uzywac tego ID_MODEL przy naprawie powiazan i przy automatyzacji /device.;"Brak; rekord nadaje sie na wzorzec.";;;;;;
NISKI;RICOH;MPC 7503;2;609(4/4), 504(3/4);609;4/4;;;Druk;Urządzenie wielkoformatowe;TAK;https://ksero-partner.com.pl/imgdev/ran_ricoh_mp_c2003.png;1;1;0;0;0;wybrac_kanoniczny;Moge scalic logike na jeden rekord kanoniczny i potem hurtowo przepiac urzadzenia po Twojej decyzji.;Potrzebuje od Ciebie wyboru jednego kanonicznego ID_MODEL z grupy duplikatow.;;;;;;
NISKI;RICOH;Ricoh SP 8200;1;406(2/4);406;2/4;KOLOR, PLIK;;Druk;Kserokopiarka cyfrowa A3 kolorowa;;;1;1;0;0;0;uzupelnic_master;Moge uzupelnic rekord ID_MODEL=406 po podaniu brakujacych wartosci.;Potrzebuje od Ciebie brakujacych pol dla ID_MODEL 406: KOLOR, PLIK;;;;;;
NISKI;RICOH;SG 2100n;1;505(3/4);505;3/4;PLIK;;Druk;Drukarka laserowa A4;NIE;;1;1;0;0;0;uzupelnic_master;Moge uzupelnic rekord ID_MODEL=505 po podaniu brakujacych wartosci.;Potrzebuje od Ciebie brakujacych pol dla ID_MODEL 505: PLIK;;;;;;
NISKI;RICOH;SP 112;1;506(3/4);506;3/4;PLIK;;Druk;Drukarka laserowa A4;NIE;;1;1;0;0;0;uzupelnic_master;Moge uzupelnic rekord ID_MODEL=506 po podaniu brakujacych wartosci.;Potrzebuje od Ciebie brakujacych pol dla ID_MODEL 506: PLIK;;;;;;
NISKI;RICOH;SP 5210 DN;1;407(3/4);407;3/4;PLIK;;Druk;Drukarka laserowa A4;NIE;;1;1;0;0;0;uzupelnic_master;Moge uzupelnic rekord ID_MODEL=407 po podaniu brakujacych wartosci.;Potrzebuje od Ciebie brakujacych pol dla ID_MODEL 407: PLIK;;;;;;
NISKI;RICOH;SP C420DN;1;409(3/4);409;3/4;PLIK;;Druk;Drukarka laserowa A4;TAK;;1;1;0;0;0;uzupelnic_master;Moge uzupelnic rekord ID_MODEL=409 po podaniu brakujacych wartosci.;Potrzebuje od Ciebie brakujacych pol dla ID_MODEL 409: PLIK;;;;;;
NISKI;RICOH;SP C811DN;1;410(3/4);410;3/4;PLIK;;Druk;Drukarka laserowa A3;TAK;;1;1;0;0;0;uzupelnic_master;Moge uzupelnic rekord ID_MODEL=410 po podaniu brakujacych wartosci.;Potrzebuje od Ciebie brakujacych pol dla ID_MODEL 410: PLIK;;;;;;
NISKI;RICOH;SP1200SF;1;411(3/4);411;3/4;PLIK;;Druk;Kserokopiarka cyfrowa A4;TAK;;1;1;0;0;0;uzupelnic_master;Moge uzupelnic rekord ID_MODEL=411 po podaniu brakujacych wartosci.;Potrzebuje od Ciebie brakujacych pol dla ID_MODEL 411: PLIK;;;;;;
NISKI;RICOH;SPC 222 SF;1;412(3/4);412;3/4;PLIK;;Druk;Kserokopiarka cyfrowa A4;TAK;;1;1;0;0;0;uzupelnic_master;Moge uzupelnic rekord ID_MODEL=412 po podaniu brakujacych wartosci.;Potrzebuje od Ciebie brakujacych pol dla ID_MODEL 412: PLIK;;;;;;
NISKI;RICOH;SPC 231 SF;1;413(3/4);413;3/4;PLIK;;Druk;Kserokopiarka cyfrowa A4;TAK;;1;1;0;0;0;uzupelnic_master;Moge uzupelnic rekord ID_MODEL=413 po podaniu brakujacych wartosci.;Potrzebuje od Ciebie brakujacych pol dla ID_MODEL 413: PLIK;;;;;;
NISKI;RICOH;SPC 232 SF;1;414(3/4);414;3/4;PLIK;;Druk;Drukarka laserowa A4;TAK;;1;1;0;0;0;uzupelnic_master;Moge uzupelnic rekord ID_MODEL=414 po podaniu brakujacych wartosci.;Potrzebuje od Ciebie brakujacych pol dla ID_MODEL 414: PLIK;;;;;;
NISKI;RICOH;SPC 430DN;1;415(3/4);415;3/4;PLIK;;Druk;Kserokopiarka cyfrowa A3 kolorowa;TAK;;1;1;0;0;0;uzupelnic_master;Moge uzupelnic rekord ID_MODEL=415 po podaniu brakujacych wartosci.;Potrzebuje od Ciebie brakujacych pol dla ID_MODEL 415: PLIK;;;;;;
NISKI;SAMSUNG;ML 1520;1;507(2/4);507;2/4;KOLOR, PLIK;;Druk;Drukarka laserowa A4;;;1;1;0;0;0;uzupelnic_master;Moge uzupelnic rekord ID_MODEL=507 po podaniu brakujacych wartosci.;Potrzebuje od Ciebie brakujacych pol dla ID_MODEL 507: KOLOR, PLIK;;;;;;
NISKI;SAMSUNG;ML-M4070FR;1;508(2/4);508;2/4;KOLOR, PLIK;;Druk;Drukarka laserowa A4;;;1;1;0;0;0;uzupelnic_master;Moge uzupelnic rekord ID_MODEL=508 po podaniu brakujacych wartosci.;Potrzebuje od Ciebie brakujacych pol dla ID_MODEL 508: KOLOR, PLIK;;;;;;
NISKI;SAMSUNG;SCX4521F;1;509(3/4);509;3/4;PLIK;;Druk;Drukarka laserowa A4;NIE;;1;1;0;0;0;uzupelnic_master;Moge uzupelnic rekord ID_MODEL=509 po podaniu brakujacych wartosci.;Potrzebuje od Ciebie brakujacych pol dla ID_MODEL 509: PLIK;;;;;;
NISKI;TRIUMPH-ADLER;P-5531;1;514(3/4);514;3/4;PLIK;;Druk;Drukarka laserowa A4;NIE;;1;1;0;0;0;uzupelnic_master;Moge uzupelnic rekord ID_MODEL=514 po podaniu brakujacych wartosci.;Potrzebuje od Ciebie brakujacych pol dla ID_MODEL 514: PLIK;;;;;;
NISKI;TRIUMPH-ADLER;T-2540;1;30002492(2/4);30002492;2/4;RODZAJ, PLIK;;Druk;;NIE;;1;1;0;0;0;uzupelnic_master;Moge uzupelnic rekord ID_MODEL=30002492 po podaniu brakujacych wartosci.;Potrzebuje od Ciebie brakujacych pol dla ID_MODEL 30002492: RODZAJ, PLIK;;;;;;
NISKI;TRIUMPH-ADLER;TASK ALFA 3051i;1;516(2/4);516;2/4;KOLOR, PLIK;;Druk;Kserokopiarka analogowa A4;;;1;1;0;0;0;uzupelnic_master;Moge uzupelnic rekord ID_MODEL=516 po podaniu brakujacych wartosci.;Potrzebuje od Ciebie brakujacych pol dla ID_MODEL 516: KOLOR, PLIK;;;;;;
NISKI;XEROX;3325;1;531(3/4);531;3/4;PLIK;;Druk;Drukarka laserowa A4;NIE;;1;1;0;0;0;uzupelnic_master;Moge uzupelnic rekord ID_MODEL=531 po podaniu brakujacych wartosci.;Potrzebuje od Ciebie brakujacych pol dla ID_MODEL 531: PLIK;;;;;;
NISKI;XEROX;6204;1;532(3/4);532;3/4;PLIK;;Druk;Drukarka laserowa A4;NIE;;1;1;0;0;0;uzupelnic_master;Moge uzupelnic rekord ID_MODEL=532 po podaniu brakujacych wartosci.;Potrzebuje od Ciebie brakujacych pol dla ID_MODEL 532: PLIK;;;;;;
