priorytet;rodzina;model_podpis;liczba_rekordow_maszyna;przyklady_id_ewidencja_serial;kandydaci_id_model;proponowany_id_model;status_kandydata;brakujace_pola_modelu;co_moge_wykonac_sam;czego_brakuje_od_ciebie;decyzja_id_model;uwagi_uzytkownika
WYSOKI;RICOH;MPC 2500;256;17:KP/0011/06/2014:L3664601203-historia || 26:KP/0017/06/2014:L3674400797 || 27:KP/0018/06/2014:L3664601181;383(3/4);383;jednoznaczny_niepelny;RODZAJ;Moge hurtowo ustawic MASZYNA.ID_MODEL=383 oraz uzupelnic brakujace pola w MODEL po zatwierdzeniu wartosci.;Potrzebuje od Ciebie brakujacych pol dla MODEL 383: RODZAJ;;
WYSOKI;RICOH;MP 301;254;5537:KP/3312:W914P406180 || 5538:KP/3313:W914P702397 || 5539:KP/3314:W914P406177;472(4/4);472;gotowy_jednoznaczny;;Moge hurtowo ustawic MASZYNA.ID_MODEL=472 dla calej sygnatury.;Wystarczy Twoje potwierdzenie, ze wskazany ID_MODEL jest poprawny.;;
WYSOKI;RICOH;MPC 307;222;5727:KP/3481/BNP\EMAIL:C506PC03692 || 5728:KP/3482\VM:C506PC01598 || 5729:KP/3483\EMAIL\REMOTE:C508P201876;545(4/4) | 571(4/4) | 392(3/4) | 602(3/4);;decyzja_duplikat;;Moge hurtowo ustawic ID_MODEL po wskazaniu kanonicznego rekordu z listy kandydatow.;Potrzebuje od Ciebie wyboru jednego kanonicznego ID_MODEL dla tej sygnatury.;;
WYSOKI;RICOH;MPC 3003;196;5734:KP/3488:E155M532582 || 5735:KP/3489\VM:E155M921077 || 5736:KP/3490\VM:E155M931253;628(4/4) | 30002488(4/4) | 389(3/4) | 560(3/4);;decyzja_duplikat;;Moge hurtowo ustawic ID_MODEL po wskazaniu kanonicznego rekordu z listy kandydatow.;Potrzebuje od Ciebie wyboru jednego kanonicznego ID_MODEL dla tej sygnatury.;;
WYSOKI;RICOH;MPC 2003;180;5722:KP/3477/BNP\EMAIL:E204RC61113 || 5723:KP/3478\EMAIL\REMOTE:E214R960075 || 6072:KP/3792/BNP/Ubezp.\EMAIL\REMOTE:E206R261731;378(4/4) | 622(4/4) | 30002487(4/4);;decyzja_duplikat;;Moge hurtowo ustawic ID_MODEL po wskazaniu kanonicznego rekordu z listy kandydatow.;Potrzebuje od Ciebie wyboru jednego kanonicznego ID_MODEL dla tej sygnatury.;;
WYSOKI;RICOH;MP 161;145;8:KP/0005/06/2014:M0179404353 || 16:KP/0009/06/2014:M0188701225 || 40:KP/0029/06/2014:M0178807181;338(3/4);338;jednoznaczny_niepelny;RODZAJ;Moge hurtowo ustawic MASZYNA.ID_MODEL=338 oraz uzupelnic brakujace pola w MODEL po zatwierdzeniu wartosci.;Potrzebuje od Ciebie brakujacych pol dla MODEL 338: RODZAJ;;
WYSOKI;RICOH;IMC 3000;133;7596:KP/5034/E:3100R830533 || 7597:KP/5035/BNP:3109RC10942 || 7598:KP/5036:3100R530536;539(4/4) | 30002504(4/4) | 30002508(4/4);;decyzja_duplikat;;Moge hurtowo ustawic ID_MODEL po wskazaniu kanonicznego rekordu z listy kandydatow.;Potrzebuje od Ciebie wyboru jednego kanonicznego ID_MODEL dla tej sygnatury.;;
WYSOKI;RICOH;MP 171;121;836:KP/0776/08/2014: || 913:KP/0847/09/2014: || 925:KP/0859/09/2014:;339(3/4) | 610(3/4);;decyzja_duplikat;RODZAJ;Moge hurtowo ustawic ID_MODEL po wskazaniu kanonicznego rekordu z listy kandydatow.;Potrzebuje od Ciebie wyboru jednego kanonicznego ID_MODEL dla tej sygnatury.;;
WYSOKI;RICOH;MPC 306;120;5536:WKP/3311/BNP:G435P900065 || 5726:KP/3480:G445PB03723 || 6076:KP/3806\VM:G435P800059;489(4/4) | 572(4/4);;decyzja_duplikat;;Moge hurtowo ustawic ID_MODEL po wskazaniu kanonicznego rekordu z listy kandydatow.;Potrzebuje od Ciebie wyboru jednego kanonicznego ID_MODEL dla tej sygnatury.;;
WYSOKI;RICOH;MPC 3004;119;5733:WKP/3487/BNP/SRS/Smart/Ubezp\VM:C718R430178 || 3353:KP/2082\EMAIL\REMOTE:G696MB20442 || 3771:KP/2358:C717J800514;390(4/4) | 543(4/4) | 600(4/4);;decyzja_duplikat;;Moge hurtowo ustawic ID_MODEL po wskazaniu kanonicznego rekordu z listy kandydatow.;Potrzebuje od Ciebie wyboru jednego kanonicznego ID_MODEL dla tej sygnatury.;;
WYSOKI;RICOH;MPC 3001;117;64:KP/0044/06/2014:V9314000766 || 819:KP/0759/08/2014: || 1380:KP/1165:;388(3/4);388;jednoznaczny_niepelny;RODZAJ;Moge hurtowo ustawic MASZYNA.ID_MODEL=388 oraz uzupelnic brakujace pola w MODEL po zatwierdzeniu wartosci.;Potrzebuje od Ciebie brakujacych pol dla MODEL 388: RODZAJ;;
WYSOKI;RICOH;MPC 2011;114;2236:WEKP/1585\REMOTE:G474MC30530 || 2263:KP/1590:G475M830379 || 2459:KP/1703\REMOTE:G475MC30892;380(3/4) | 624(3/4);;decyzja_duplikat;RODZAJ;Moge hurtowo ustawic ID_MODEL po wskazaniu kanonicznego rekordu z listy kandydatow.;Potrzebuje od Ciebie wyboru jednego kanonicznego ID_MODEL dla tej sygnatury.;;
WYSOKI;RICOH;MP 2000;113;6:KP/0004/06/2014:L7066501814 || 11:KP/0007/06/2014:L7086562834 || 14:KP/0008/06/2014:L7097060294;340(3/4);340;jednoznaczny_niepelny;RODZAJ;Moge hurtowo ustawic MASZYNA.ID_MODEL=340 oraz uzupelnic brakujace pola w MODEL po zatwierdzeniu wartosci.;Potrzebuje od Ciebie brakujacych pol dla MODEL 340: RODZAJ;;
WYSOKI;RICOH;DSM 415;108;33:KP/0023/06/2014:K2368701296 || 51:KP/0036/06/2014:K2169005823 || 52:KP/0037/06/2014:K2169004693;318(4/4) | 139(3/4);;decyzja_duplikat;;Moge hurtowo ustawic ID_MODEL po wskazaniu kanonicznego rekordu z listy kandydatow.;Potrzebuje od Ciebie wyboru jednego kanonicznego ID_MODEL dla tej sygnatury.;;
WYSOKI;RICOH;MP 201;103;118:KP/0093/06/2014:W3018701081 || 893:KP/0829/08/2014:W3048905335 || 914:KP/0848/09/2014:;342(3/4) | 612(3/4);;decyzja_duplikat;RODZAJ;Moge hurtowo ustawic ID_MODEL po wskazaniu kanonicznego rekordu z listy kandydatow.;Potrzebuje od Ciebie wyboru jednego kanonicznego ID_MODEL dla tej sygnatury.;;
SREDNI;RICOH;IM 350;94;4966:KP/2844:3389P701466 || 5494:KP/3271:3380PA00400 || 6523:KP/4100\EMAIL\VM:3370P400127;458(3/4) | 576(3/4);;decyzja_duplikat;RODZAJ;Moge hurtowo ustawic ID_MODEL po wskazaniu kanonicznego rekordu z listy kandydatow.;Potrzebuje od Ciebie wyboru jednego kanonicznego ID_MODEL dla tej sygnatury.;;
SREDNI;RICOH;IMC 300;79;6548:KP/4119:3930PB02158 || 7576:KP/5020/BNP/FULL:3920P400969 || 7611:KP/5043/R:3920P401044;30002496(3/4) | 30002503(3/4);;decyzja_duplikat;RODZAJ;Moge hurtowo ustawic ID_MODEL po wskazaniu kanonicznego rekordu z listy kandydatow.;Potrzebuje od Ciebie wyboru jednego kanonicznego ID_MODEL dla tej sygnatury.;;
SREDNI;RICOH;DSM 622;74;5:KP/0003/06/2014:J8344501241 || 82:KP/0060/06/2014:J8441800329 || 101:KP/0078/06/2014:4R1714178;325(4/4) | 334(2/4) | 559(2/4);;decyzja_duplikat;;Moge hurtowo ustawic ID_MODEL po wskazaniu kanonicznego rekordu z listy kandydatow.;Potrzebuje od Ciebie wyboru jednego kanonicznego ID_MODEL dla tej sygnatury.;;
SREDNI;RICOH;MP 2510;69;66:KP/0045/06/2014:M0974302461 || 89:KP/0067/06/2014:M0973901447 || 91:KP/0069/06/2014:M0973901547;349(3/4);349;jednoznaczny_niepelny;PLIK;Moge hurtowo ustawic MASZYNA.ID_MODEL=349 oraz uzupelnic brakujace pola w MODEL po zatwierdzeniu wartosci.;Potrzebuje od Ciebie brakujacych pol dla MODEL 349: PLIK;;
SREDNI;RICOH;MP 305+;67;2827:KP/1917:G586P400512 || 2947:KP/1931:G586P400511 || 3328:KP/2062:G586P500841;374(4/4) | 592(4/4) | 473(3/4);;decyzja_duplikat;;Moge hurtowo ustawic ID_MODEL po wskazaniu kanonicznego rekordu z listy kandydatow.;Potrzebuje od Ciebie wyboru jednego kanonicznego ID_MODEL dla tej sygnatury.;;
SREDNI;RICOH;MP 2550;63;15:KP/1142:M6383800585 || 347:KP/0308/07/2014: || 351:KP/0312/07/2014:M6584301780;350(3/4);350;jednoznaczny_niepelny;RODZAJ;Moge hurtowo ustawic MASZYNA.ID_MODEL=350 oraz uzupelnic brakujace pola w MODEL po zatwierdzeniu wartosci.;Potrzebuje od Ciebie brakujacych pol dla MODEL 350: RODZAJ;;
SREDNI;RICOH;DSM 618D;58;87:KP/0065/06/2014:K8357210375 || 123:KP/0098/06/2014:J9246810341 || 125:KP/0100/06/2014:;322(4/4);322;gotowy_jednoznaczny;;Moge hurtowo ustawic MASZYNA.ID_MODEL=322 dla calej sygnatury.;Wystarczy Twoje potwierdzenie, ze wskazany ID_MODEL jest poprawny.;;
SREDNI;RICOH;MPC 2800;51;1125:KP/1013:V1404101927 || 1133:KP/1023:V1494400874 || 1137:KP/1028:V1404002988;386(3/4) | 627(3/4);;decyzja_duplikat;RODZAJ;Moge hurtowo ustawic ID_MODEL po wskazaniu kanonicznego rekordu z listy kandydatow.;Potrzebuje od Ciebie wyboru jednego kanonicznego ID_MODEL dla tej sygnatury.;;
SREDNI;RICOH;MPC 4503;50;6081:KP/3809/BNP/SRS/SMARTIT/UBEZP.:E175M630243 || 6090:KP/3810/BNP\REMOTE:E173M930479 || 6091:BKP/3811/BNP:E175MB21786;631(4/4) | 400(3/4) | 604(3/4);;decyzja_duplikat;;Moge hurtowo ustawic ID_MODEL po wskazaniu kanonicznego rekordu z listy kandydatow.;Potrzebuje od Ciebie wyboru jednego kanonicznego ID_MODEL dla tej sygnatury.;;
SREDNI;RICOH;IMC 4500;47;6556:KP/4123/BNP:3120M090909 || 6557:KP/4124/BNP:3129M090910 || 7609:KP/5042/R/E:3128MC51938;538(4/4) | 30002491(4/4);;decyzja_duplikat;;Moge hurtowo ustawic ID_MODEL po wskazaniu kanonicznego rekordu z listy kandydatow.;Potrzebuje od Ciebie wyboru jednego kanonicznego ID_MODEL dla tej sygnatury.;;
SREDNI;RICOH;MP 2554;47;5724:KP/3479\EMAIL\REMOTE:G146P100655 || 5725:KP/3510\VM:G146P500932 || 2341:KP/1637\EMAIL:G145PA00912;352(4/4) | 590(4/4) | 616(4/4);;decyzja_duplikat;;Moge hurtowo ustawic ID_MODEL po wskazaniu kanonicznego rekordu z listy kandydatow.;Potrzebuje od Ciebie wyboru jednego kanonicznego ID_MODEL dla tej sygnatury.;;
SREDNI;RICOH;MPC 2503;46;5721:KP/3476/BNP\EMAIL:E214RA60457 || 4207:WEKP/2480:E216R460077 || 4963:KP/2842\VM:E215J400193;384(3/4) | 626(3/4);;decyzja_duplikat;RODZAJ;Moge hurtowo ustawic ID_MODEL po wskazaniu kanonicznego rekordu z listy kandydatow.;Potrzebuje od Ciebie wyboru jednego kanonicznego ID_MODEL dla tej sygnatury.;;
SREDNI;EPSON;WF-6590;43;3778:KP/2359:VQJY019601 || 3870:KP/2452:VQJY019572 || 3879:EKP/2418:VQJY022640;90(3/4);90;jednoznaczny_niepelny;PLIK;Moge hurtowo ustawic MASZYNA.ID_MODEL=90 oraz uzupelnic brakujace pola w MODEL po zatwierdzeniu wartosci.;Potrzebuje od Ciebie brakujacych pol dla MODEL 90: PLIK;;
SREDNI;RICOH;4510 DN;42;4315:KP/2631\VM:T595H100468 || 4438:WEKP/2549:T576H602754 || 4483:KP/2683\VM:T574HB02359;443(4/4);443;gotowy_jednoznaczny;;Moge hurtowo ustawic MASZYNA.ID_MODEL=443 dla calej sygnatury.;Wystarczy Twoje potwierdzenie, ze wskazany ID_MODEL jest poprawny.;;
SREDNI;KONICA MINOLTA;C 25;39;10:KP/0006/06/2014: || 19:KP/0012/06/2014:A2YF-2701 || 469:KP/0422/07/2014:A2YF121300561;251(3/4) | 550(2/4);;decyzja_duplikat;RODZAJ;Moge hurtowo ustawic ID_MODEL po wskazaniu kanonicznego rekordu z listy kandydatow.;Potrzebuje od Ciebie wyboru jednego kanonicznego ID_MODEL dla tej sygnatury.;;
SREDNI;KYOCERA;FS-2100;38;431:KP/0387/07/2014: || 437:KP/0392/07/2014:NUH3126487 || 446:KP/0399/07/2014:NUH2Z15221;277(4/4);277;gotowy_jednoznaczny;;Moge hurtowo ustawic MASZYNA.ID_MODEL=277 dla calej sygnatury.;Wystarczy Twoje potwierdzenie, ze wskazany ID_MODEL jest poprawny.;;
SREDNI;RICOH;MP 2501;38;4204:WEKP/2479:E338M420129 || 4230:WEKP/2500\REMOTE:E338M420131 || 4387:EKP/2538:E338M720019;588(4/4) | 614(3/4) | 348(2/4);;decyzja_duplikat;;Moge hurtowo ustawic ID_MODEL po wskazaniu kanonicznego rekordu z listy kandydatow.;Potrzebuje od Ciebie wyboru jednego kanonicznego ID_MODEL dla tej sygnatury.;;
SREDNI;RICOH;MP 3055;38;3891:EKP/2420\REMOTE:C357P900887 || 4089:WEKP/2444\EMAIL:C357PA00186 || 4186:KP/2586:C358P100654;356(4/4) | 544(4/4) | 30002499(2/4);;decyzja_duplikat;;Moge hurtowo ustawic ID_MODEL po wskazaniu kanonicznego rekordu z listy kandydatow.;Potrzebuje od Ciebie wyboru jednego kanonicznego ID_MODEL dla tej sygnatury.;;
SREDNI;RICOH;MPC 3004ex;37;4462:KP/2673:C717JA01002 || 4538:KP/2702:C718R910084 || 6621:KP/4171\EMAIL\REMOTE:C718R812654;601(4/4) | 629(4/4) | 391(3/4);;decyzja_duplikat;;Moge hurtowo ustawic ID_MODEL po wskazaniu kanonicznego rekordu z listy kandydatow.;Potrzebuje od Ciebie wyboru jednego kanonicznego ID_MODEL dla tej sygnatury.;;
SREDNI;RICOH;MPC 5503;37;6566:KP/4133/BNP\EMAIL\VM:E186J090920 || 6567:KP/4134/BNP\EMAIL\REMOTE:E186M090919 || 6568:KP/4135/BNP:E185J090913;500(4/4);500;gotowy_jednoznaczny;;Moge hurtowo ustawic MASZYNA.ID_MODEL=500 dla calej sygnatury.;Wystarczy Twoje potwierdzenie, ze wskazany ID_MODEL jest poprawny.;;
SREDNI;KYOCERA;P-5536I;35;4819:WEKP/2696:R9C9305938 || 4822:WEKP/2705:R9C8Y03969 || 4823:WEKP/2706:R9C9305935;526(4/4);526;gotowy_jednoznaczny;;Moge hurtowo ustawic MASZYNA.ID_MODEL=526 dla calej sygnatury.;Wystarczy Twoje potwierdzenie, ze wskazany ID_MODEL jest poprawny.;;
SREDNI;EPSON;WF-C869R;34;3783:WEKP/2360:X2SS001943 || 3791:WEKP/2367:X2SS002245 || 3883:EKP/2441:X2SS003182;96(3/4);96;jednoznaczny_niepelny;PLIK;Moge hurtowo ustawic MASZYNA.ID_MODEL=96 oraz uzupelnic brakujace pola w MODEL po zatwierdzeniu wartosci.;Potrzebuje od Ciebie brakujacych pol dla MODEL 96: PLIK;;
SREDNI;RICOH;2205;34;151:KP/0123/06/2014: || 266:KP/0230/06/2014:J0121000810 || 299:KP/0260/07/2014:;304(3/4);304;jednoznaczny_niepelny;PLIK;Moge hurtowo ustawic MASZYNA.ID_MODEL=304 oraz uzupelnic brakujace pola w MODEL po zatwierdzeniu wartosci.;Potrzebuje od Ciebie brakujacych pol dla MODEL 304: PLIK;;
SREDNI;RICOH;1805;33;124:KP/0099/06/2014: || 132:KP/0106/06/2014: || 148:KP/0121/06/2014:;30002486(4/4);30002486;gotowy_jednoznaczny;;Moge hurtowo ustawic MASZYNA.ID_MODEL=30002486 dla calej sygnatury.;Wystarczy Twoje potwierdzenie, ze wskazany ID_MODEL jest poprawny.;;
SREDNI;RICOH;P 501;33;7449:KP/4899:5219PA00893 || 7450:KP/4900:5219P100904 || 7451:KP/4901:5219PC00379;547(3/4);547;jednoznaczny_niepelny;PLIK;Moge hurtowo ustawic MASZYNA.ID_MODEL=547 oraz uzupelnic brakujace pola w MODEL po zatwierdzeniu wartosci.;Potrzebuje od Ciebie brakujacych pol dla MODEL 547: PLIK;;
SREDNI;RICOH;MP 2851;31;2362:KP/1650:V8214200151 || 2363:KP/1651:V8204301322 || 2395:KP/1670:V8204301345;354(4/4);354;gotowy_jednoznaczny;;Moge hurtowo ustawic MASZYNA.ID_MODEL=354 dla calej sygnatury.;Wystarczy Twoje potwierdzenie, ze wskazany ID_MODEL jest poprawny.;;
SREDNI;RICOH;1805D;30;127:KP/0101/06/2014: || 128:KP/0102/06/2014: || 129:KP/0103/06/2014:;303(4/4);303;gotowy_jednoznaczny;;Moge hurtowo ustawic MASZYNA.ID_MODEL=303 dla calej sygnatury.;Wystarczy Twoje potwierdzenie, ze wskazany ID_MODEL jest poprawny.;;
SREDNI;RICOH;MPC 3002;30;3999:KP/2522:W492K704057 || 4075:KP/2545:W493K100463 || 4252:KP/2618:W492K702907;488(3/4) | 605(3/4);;decyzja_duplikat;RODZAJ;Moge hurtowo ustawic ID_MODEL po wskazaniu kanonicznego rekordu z listy kandydatow.;Potrzebuje od Ciebie wyboru jednego kanonicznego ID_MODEL dla tej sygnatury.;;
NISKI;RICOH;4510 SF;28;4303:WEKP/2526:T594HB98658 || 4358:EKP/2535:T594HA00181 || 4408:WEKP/2542:T596H889822;445(4/4);445;gotowy_jednoznaczny;;Moge hurtowo ustawic MASZYNA.ID_MODEL=445 dla calej sygnatury.;Wystarczy Twoje potwierdzenie, ze wskazany ID_MODEL jest poprawny.;;
NISKI;RICOH;MPC 4504;28;5535:KP/3310\EMAIL\VM:C737M620453 || 5945:KP/3686:C737M620477 || 5946:KP/3687/SRS/SMARTIT/DM\REMOTE:C737M620467;498(4/4);498;gotowy_jednoznaczny;;Moge hurtowo ustawic MASZYNA.ID_MODEL=498 dla calej sygnatury.;Wystarczy Twoje potwierdzenie, ze wskazany ID_MODEL jest poprawny.;;
NISKI;KONICA MINOLTA;+C 35;27;906:KP/0842/08/2014: || 1327:KP/1128: || 1804:KP/1379:A121021027045;230(4/4);230;gotowy_jednoznaczny;;Moge hurtowo ustawic MASZYNA.ID_MODEL=230 dla calej sygnatury.;Wystarczy Twoje potwierdzenie, ze wskazany ID_MODEL jest poprawny.;;
NISKI;RICOH;MPC 2050;27;421:KP/1320:V2204501979 || 483:KP/0436/07/2014:V2284802389 || 966:KP/0899/09/2014:;381(4/4) | 625(4/4);;decyzja_duplikat;;Moge hurtowo ustawic ID_MODEL po wskazaniu kanonicznego rekordu z listy kandydatow.;Potrzebuje od Ciebie wyboru jednego kanonicznego ID_MODEL dla tej sygnatury.;;
NISKI;RICOH;IMC 3500;26;7595:KP/5039/R:3119R210127 || 6944:KP/4433/BNP/SRS/SmartIT/Ub:3110RB30080 || 6945:KP/4434:3110RA30189;582(4/4) | 30002507(4/4);;decyzja_duplikat;;Moge hurtowo ustawic ID_MODEL po wskazaniu kanonicznego rekordu z listy kandydatow.;Potrzebuje od Ciebie wyboru jednego kanonicznego ID_MODEL dla tej sygnatury.;;
NISKI;RICOH;MP 2352SP;26;823:KP/0763/08/2014: || 1066:KP/0975/09/2014:W662KB00447 || 3116:KP/1972:W662KA00606;371(4/4);371;gotowy_jednoznaczny;;Moge hurtowo ustawic MASZYNA.ID_MODEL=371 dla calej sygnatury.;Wystarczy Twoje potwierdzenie, ze wskazany ID_MODEL jest poprawny.;;
NISKI;RICOH;MPC 3000;26;90:KP/0068/06/2014:L3673901533 || 95:KP/0073/06/2014:L3773700302 || 112:KP/0088/06/2014:L3773700424;387(3/4);387;jednoznaczny_niepelny;RODZAJ;Moge hurtowo ustawic MASZYNA.ID_MODEL=387 oraz uzupelnic brakujace pola w MODEL po zatwierdzeniu wartosci.;Potrzebuje od Ciebie brakujacych pol dla MODEL 387: RODZAJ;;
NISKI;RICOH;MP 3350;25;74:KP/0052/06/2014 org:M6393901369 || 341:KP/1685:M6584201163 || 490:KP/0443/07/2014:M6384601376;357(4/4) | 619(4/4);;decyzja_duplikat;;Moge hurtowo ustawic ID_MODEL po wskazaniu kanonicznego rekordu z listy kandydatow.;Potrzebuje od Ciebie wyboru jednego kanonicznego ID_MODEL dla tej sygnatury.;;
NISKI;RICOH;MPC 2004;25;5893:KP/3635\REMOTE:C767R080821 || 5894:KP/3636:C767J080829 || 6032:KP/3765:C767R080803;598(4/4) | 379(3/4) | 623(3/4);;decyzja_duplikat;;Moge hurtowo ustawic ID_MODEL po wskazaniu kanonicznego rekordu z listy kandydatow.;Potrzebuje od Ciebie wyboru jednego kanonicznego ID_MODEL dla tej sygnatury.;;
NISKI;RICOH;IM 430;24;7550:KP/4993:3358PC02168 || 7304:KP/4749:3351PC50264 || 7231:KP/4682:3359P402786;460(4/4) | 578(4/4);;decyzja_duplikat;;Moge hurtowo ustawic ID_MODEL po wskazaniu kanonicznego rekordu z listy kandydatow.;Potrzebuje od Ciebie wyboru jednego kanonicznego ID_MODEL dla tej sygnatury.;;
NISKI;RICOH;IMC 400;24;6549:KP/4120:3910PB01708 || 7290:KP/4734/BNP/FULL:3910P700205 || 7289:KP/4730/BNP/SRS/SMARIT/Ub:3910P601178;465(3/4) | 30002502(3/4);;decyzja_duplikat;RODZAJ;Moge hurtowo ustawic ID_MODEL po wskazaniu kanonicznego rekordu z listy kandydatow.;Potrzebuje od Ciebie wyboru jednego kanonicznego ID_MODEL dla tej sygnatury.;;
NISKI;RICOH;MP 2501SP;24;195:KP/0163/06/2014\REMOTE:E333M920382 || 426:KP/0382/07/2014:E333M721214 || 775:KP/0717/08/2014\VM:E334M121301;372(4/4);372;gotowy_jednoznaczny;;Moge hurtowo ustawic MASZYNA.ID_MODEL=372 dla calej sygnatury.;Wystarczy Twoje potwierdzenie, ze wskazany ID_MODEL jest poprawny.;;
NISKI;RICOH;MPC 3504;24;5439:KP/3219\EMAIL\VM:G707M120718 || 6037:WKP/3770/BNP/SMARTIT:C728J080801 || 5985:WKP/3722/BNP:G706M131309;492(4/4);492;gotowy_jednoznaczny;;Moge hurtowo ustawic MASZYNA.ID_MODEL=492 dla calej sygnatury.;Wystarczy Twoje potwierdzenie, ze wskazany ID_MODEL jest poprawny.;;
NISKI;RICOH;DSC 332;23;20:KP/0013/06/2014:K0240200891 || 93:KP/0071/06/2014:K030701736 || 105:KP/0082/06/2014:K0250100209;315(3/4);315;jednoznaczny_niepelny;PLIK;Moge hurtowo ustawic MASZYNA.ID_MODEL=315 oraz uzupelnic brakujace pola w MODEL po zatwierdzeniu wartosci.;Potrzebuje od Ciebie brakujacych pol dla MODEL 315: PLIK;;
NISKI;RICOH;DSM 618;23;130:KP/0104/06/2014: || 139:KP/0112/06/2014: || 147:KP/0120/06/2014:;321(4/4);321;gotowy_jednoznaczny;;Moge hurtowo ustawic MASZYNA.ID_MODEL=321 dla calej sygnatury.;Wystarczy Twoje potwierdzenie, ze wskazany ID_MODEL jest poprawny.;;
NISKI;RICOH;MP 3351;23;2429:KP/1692:V8314200265 || 2430:KP/1693:V8304300300 || 3210:KP/2001:V8313800646;358(4/4);358;gotowy_jednoznaczny;;Moge hurtowo ustawic MASZYNA.ID_MODEL=358 dla calej sygnatury.;Wystarczy Twoje potwierdzenie, ze wskazany ID_MODEL jest poprawny.;;
NISKI;RICOH;MPC 3502AD;23;2494:KP/1888: || 2923:KP/1921:V9304700221 || 2931:KP/1929:000V9313801027;395(4/4);395;gotowy_jednoznaczny;;Moge hurtowo ustawic MASZYNA.ID_MODEL=395 dla calej sygnatury.;Wystarczy Twoje potwierdzenie, ze wskazany ID_MODEL jest poprawny.;;
NISKI;RICOH;MPC 3503;23;5936:KP/3677\EMAIL\VM:E165MA30008 || 5234:WKP/3041/BNP\VM:E166M230514 || 5235:WKP/3042/BNP\VM:E165M453382;396(3/4) | 603(3/4) | 630(3/4);;decyzja_duplikat;RODZAJ;Moge hurtowo ustawic ID_MODEL po wskazaniu kanonicznego rekordu z listy kandydatow.;Potrzebuje od Ciebie wyboru jednego kanonicznego ID_MODEL dla tej sygnatury.;;
NISKI;RICOH;MPC 3501;22;2929:KP/1927:V9314601444 || 3310:KP/2052\VM:V9414700002 || 3313:KP/2054:V9414700001;490(3/4) | 30002494(3/4);;decyzja_duplikat;RODZAJ;Moge hurtowo ustawic ID_MODEL po wskazaniu kanonicznego rekordu z listy kandydatow.;Potrzebuje od Ciebie wyboru jednego kanonicznego ID_MODEL dla tej sygnatury.;;
NISKI;EPSON;WF-8590DWF;21;3785:KP/2362:TFQY013236 || 3848:EKP/2383:TFQY012124 || 3850:EKP/2385:TFQY012123;91(3/4);91;jednoznaczny_niepelny;PLIK;Moge hurtowo ustawic MASZYNA.ID_MODEL=91 oraz uzupelnic brakujace pola w MODEL po zatwierdzeniu wartosci.;Potrzebuje od Ciebie brakujacych pol dla MODEL 91: PLIK;;
NISKI;RICOH;MP 2852;21;902:KP/0838/08/2014: || 2809:KP/1905:W672K700250 || 2810:KP/1904\VM:W672K700631;470(4/4);470;gotowy_jednoznaczny;;Moge hurtowo ustawic MASZYNA.ID_MODEL=470 dla calej sygnatury.;Wystarczy Twoje potwierdzenie, ze wskazany ID_MODEL jest poprawny.;;
NISKI;KYOCERA;ECOSYS 3055;20;4097:KP/2556:VLW7973956 || 4180:KP/2585\VM:VLW7Z80527 || 4393:KP/2649:VLM7Z84334;274(3/4);274;jednoznaczny_niepelny;KOLOR;Moge hurtowo ustawic MASZYNA.ID_MODEL=274 oraz uzupelnic brakujace pola w MODEL po zatwierdzeniu wartosci.;Potrzebuje od Ciebie brakujacych pol dla MODEL 274: KOLOR;;
NISKI;RICOH;DSM 627;19;81:KP/0059/06/2014:4R21130034 || 155:KP/0127/06/2014: || 528:KP/0478/07/2014:J8441800165;326(3/4);326;jednoznaczny_niepelny;PLIK;Moge hurtowo ustawic MASZYNA.ID_MODEL=326 oraz uzupelnic brakujace pola w MODEL po zatwierdzeniu wartosci.;Potrzebuje od Ciebie brakujacych pol dla MODEL 326: PLIK;;
NISKI;RICOH;MP 3054;19;5431:WKP/3214/BNP:G155P901330 || 5614:KP/3381/BNP:G155P900298 || 5542:KP/3317:G155J800056;475(4/4);475;gotowy_jednoznaczny;;Moge hurtowo ustawic MASZYNA.ID_MODEL=475 dla calej sygnatury.;Wystarczy Twoje potwierdzenie, ze wskazany ID_MODEL jest poprawny.;;
NISKI;RICOH;6005;18;274:KP/0237/07/2014:K4453100092 || 285:KP/0246/07/2014:3120521 || 290:KP/0251/07/2014:7P11230061;310(3/4);310;jednoznaczny_niepelny;PLIK;Moge hurtowo ustawic MASZYNA.ID_MODEL=310 oraz uzupelnic brakujace pola w MODEL po zatwierdzeniu wartosci.;Potrzebuje od Ciebie brakujacych pol dla MODEL 310: PLIK;;
NISKI;RICOH;MP 2001;18;762:KP/0705/08/2014: || 2367:KP/1616: || 2522:KP/1744:;341(3/4) | 611(3/4);;decyzja_duplikat;PLIK;Moge hurtowo ustawic ID_MODEL po wskazaniu kanonicznego rekordu z listy kandydatow.;Potrzebuje od Ciebie wyboru jednego kanonicznego ID_MODEL dla tej sygnatury.;;
NISKI;RICOH;MPC 4500;17;69:KP/1027:L9073901074 || 194:KP/0162/06/2014:L8964501196 || 236:KP/0204/06/2014:L9083700808;398(4/4);398;gotowy_jednoznaczny;;Moge hurtowo ustawic MASZYNA.ID_MODEL=398 dla calej sygnatury.;Wystarczy Twoje potwierdzenie, ze wskazany ID_MODEL jest poprawny.;;
NISKI;KYOCERA;M 3550I;16;429:KP/0385/07/2014: || 430:KP/0386/07/2014:XLM8134297 || 442:KP/0395/07/2014:XLM8136748;280(4/4);280;gotowy_jednoznaczny;;Moge hurtowo ustawic MASZYNA.ID_MODEL=280 dla calej sygnatury.;Wystarczy Twoje potwierdzenie, ze wskazany ID_MODEL jest poprawny.;;
NISKI;RICOH;DSM 620D;16;215:KP/0183/06/2014:J9256610700 || 219:KP/0187/06/2014:K8366311466 || 262:KP/0226/06/2014:K8366721076;324(4/4) | 140(3/4);;decyzja_duplikat;;Moge hurtowo ustawic ID_MODEL po wskazaniu kanonicznego rekordu z listy kandydatow.;Potrzebuje od Ciebie wyboru jednego kanonicznego ID_MODEL dla tej sygnatury.;;
NISKI;RICOH;MP 2553;16;4958:KP/2837:E745K250104 || 4959:WKP/2838/BNP:E744K400310 || 4960:KP/2839\VM:E743KA00140;351(4/4) | 589(4/4) | 615(4/4);;decyzja_duplikat;;Moge hurtowo ustawic ID_MODEL po wskazaniu kanonicznego rekordu z listy kandydatow.;Potrzebuje od Ciebie wyboru jednego kanonicznego ID_MODEL dla tej sygnatury.;;
NISKI;RICOH;MP 2555;16;6521:KP/4098\REMOTE:C399P400562 || 6864:KP/4363\REMOTE:C398J100188 || 6865:KP/4364\VM:C398P600318;353(4/4) | 541(4/4) | 591(4/4) | 617(4/4) | 30002509(3/4);;decyzja_duplikat;;Moge hurtowo ustawic ID_MODEL po wskazaniu kanonicznego rekordu z listy kandydatow.;Potrzebuje od Ciebie wyboru jednego kanonicznego ID_MODEL dla tej sygnatury.;;
NISKI;RICOH;1305;15;527:KP/0477/07/2014:H9029502196 || 691:KP/0636/07/2014: || 709:KP/0653/07/2014:;300(3/4);300;jednoznaczny_niepelny;PLIK;Moge hurtowo ustawic MASZYNA.ID_MODEL=300 oraz uzupelnic brakujace pola w MODEL po zatwierdzeniu wartosci.;Potrzebuje od Ciebie brakujacych pol dla MODEL 300: PLIK;;
NISKI;RICOH;MP 3010;15;37:KP/0026/06/2014:M1074400257 || 38:KP/0027/06/2014:K8664200398 || 39:KP/0028/06/2014:M1073801081;355(3/4) | 618(3/4);;decyzja_duplikat;RODZAJ;Moge hurtowo ustawic ID_MODEL po wskazaniu kanonicznego rekordu z listy kandydatow.;Potrzebuje od Ciebie wyboru jednego kanonicznego ID_MODEL dla tej sygnatury.;;
NISKI;KYOCERA;M 3655I;14;4672:KP/2744:R4Q8Y11215 || 4719:KP/2752:R4Q8Y11126 || 4720:KP/2753:R4Q8Y11152;281(4/4);281;gotowy_jednoznaczny;;Moge hurtowo ustawic MASZYNA.ID_MODEL=281 dla calej sygnatury.;Wystarczy Twoje potwierdzenie, ze wskazany ID_MODEL jest poprawny.;;
NISKI;KYOCERA;P 3145;14;6883:KP/4377/DM:R4J0660626 || 6884:KP/4378/DM:R4J0661382 || 6885:KP/4379:R4J0661360;271(4/4) | 561(4/4);;decyzja_duplikat;;Moge hurtowo ustawic ID_MODEL po wskazaniu kanonicznego rekordu z listy kandydatow.;Potrzebuje od Ciebie wyboru jednego kanonicznego ID_MODEL dla tej sygnatury.;;
NISKI;RICOH;MP 3554;14;5681:KP/3443\EMAIL:G166P242407 || 6286:KP/3957:G166J400041 || 6450:KP/4035/BNP/SRS/SmartIT/Ubezp.:G165JA00027;593(4/4) | 476(3/4);;decyzja_duplikat;;Moge hurtowo ustawic ID_MODEL po wskazaniu kanonicznego rekordu z listy kandydatow.;Potrzebuje od Ciebie wyboru jednego kanonicznego ID_MODEL dla tej sygnatury.;;
NISKI;RICOH;P 502;14;7068:KP/4540:5389P100515 || 7069:KP/4539:5389P100823 || 7070:KP/4538:5389P100631;537(3/4);537;jednoznaczny_niepelny;PLIK;Moge hurtowo ustawic MASZYNA.ID_MODEL=537 oraz uzupelnic brakujace pola w MODEL po zatwierdzeniu wartosci.;Potrzebuje od Ciebie brakujacych pol dla MODEL 537: PLIK;;
NISKI;CANON;IR 2520;13;314:KP/0275/07/2014: || 513:KP/0463/07/2014:FQQ53219 || 809:KP/0749/08/2014:;33(3/4);33;jednoznaczny_niepelny;PLIK;Moge hurtowo ustawic MASZYNA.ID_MODEL=33 oraz uzupelnic brakujace pola w MODEL po zatwierdzeniu wartosci.;Potrzebuje od Ciebie brakujacych pol dla MODEL 33: PLIK;;
NISKI;RICOH;DSM 725;13;72:KP/1031:K8564102404 || 327:KP/0288/07/2014: || 385:KP/0345/07/2014:K8654401439;141(3/4) | 331(3/4);;decyzja_duplikat;PLIK;Moge hurtowo ustawic ID_MODEL po wskazaniu kanonicznego rekordu z listy kandydatow.;Potrzebuje od Ciebie wyboru jednego kanonicznego ID_MODEL dla tej sygnatury.;;
NISKI;RICOH;MPC 2000;13;296:KP/0257/07/2014:M5084301145 || 1289:KP/1102: || 1515:KP/1240:M5084400431;377(4/4);377;gotowy_jednoznaczny;;Moge hurtowo ustawic MASZYNA.ID_MODEL=377 dla calej sygnatury.;Wystarczy Twoje potwierdzenie, ze wskazany ID_MODEL jest poprawny.;;
NISKI;KONICA MINOLTA;INEO+ 25;12;366:KP/1658:A2YF121000703 || 497:KP/0449/07/2014:A2YF121000358 || 774:KP/0716/08/2014:;73(4/4);73;gotowy_jednoznaczny;;Moge hurtowo ustawic MASZYNA.ID_MODEL=73 dla calej sygnatury.;Wystarczy Twoje potwierdzenie, ze wskazany ID_MODEL jest poprawny.;;
NISKI;RICOH;DSM 632;12;153:KP/0125/06/2014: || 275:KP/0238/07/2014: || 460:KP/0413/07/2014:;327(3/4);327;jednoznaczny_niepelny;PLIK;Moge hurtowo ustawic MASZYNA.ID_MODEL=327 oraz uzupelnic brakujace pola w MODEL po zatwierdzeniu wartosci.;Potrzebuje od Ciebie brakujacych pol dla MODEL 327: PLIK;;
NISKI;RICOH;IMC 6000;12;7610:KP/5046:3140MB10156 || 7574:KP/5018:3141M910052 || 7575:KP/5019/R/E:3141M910016;469(4/4) | 30002505(3/4);;decyzja_duplikat;;Moge hurtowo ustawic ID_MODEL po wskazaniu kanonicznego rekordu z listy kandydatow.;Potrzebuje od Ciebie wyboru jednego kanonicznego ID_MODEL dla tej sygnatury.;;
NISKI;RICOH;MP 3352;12;1527:KP/1245:W683K700499 || 1743:KP/1337:W683K700518 || 1744:KP/1336:W683K700533;359(4/4) | 620(4/4);;decyzja_duplikat;;Moge hurtowo ustawic ID_MODEL po wskazaniu kanonicznego rekordu z listy kandydatow.;Potrzebuje od Ciebie wyboru jednego kanonicznego ID_MODEL dla tej sygnatury.;;
NISKI;RICOH;MP 6001;12;1092:KP/0991/10/2014:V6993400064 || 1093:KP/0992/10/2014: || 1545:KP/1239:V6903100368;366(3/4);366;jednoznaczny_niepelny;PLIK;Moge hurtowo ustawic MASZYNA.ID_MODEL=366 oraz uzupelnic brakujace pola w MODEL po zatwierdzeniu wartosci.;Potrzebuje od Ciebie brakujacych pol dla MODEL 366: PLIK;;
NISKI;RICOH;MPC 4501;12;625:KP/0572/07/2014:V9512600885 || 752:KP/0695/08/2014:V9512801408 || 3420:KP/2125:V9522501810-historia;399(4/4);399;gotowy_jednoznaczny;;Moge hurtowo ustawic MASZYNA.ID_MODEL=399 dla calej sygnatury.;Wystarczy Twoje potwierdzenie, ze wskazany ID_MODEL jest poprawny.;;
NISKI;EPSON;WF-M5298;11;4563:WEKP/2596:X3CP000825 || 4569:WEKP/2599:X3CP000802 || 4572:WEKP/2601:X3CP000381;98(4/4);98;gotowy_jednoznaczny;;Moge hurtowo ustawic MASZYNA.ID_MODEL=98 dla calej sygnatury.;Wystarczy Twoje potwierdzenie, ze wskazany ID_MODEL jest poprawny.;;
NISKI;RICOH;4520;11;7052:KP/4516/BNP/SRS/SmartIT/Ub.:T587H600283 || 7047:: || 7048:KP/4524:T587H700102;446(4/4);446;gotowy_jednoznaczny;;Moge hurtowo ustawic MASZYNA.ID_MODEL=446 dla calej sygnatury.;Wystarczy Twoje potwierdzenie, ze wskazany ID_MODEL jest poprawny.;;
NISKI;RICOH;MP 4054;11;5554:KP/3327\REMOTE:G175R351155 || 5555:KP/3328:G175R550494 || 5556:KP/3329\EMAIL\REMOTE:G175R351075;621(4/4) | 362(3/4);;decyzja_duplikat;;Moge hurtowo ustawic ID_MODEL po wskazaniu kanonicznego rekordu z listy kandydatow.;Potrzebuje od Ciebie wyboru jednego kanonicznego ID_MODEL dla tej sygnatury.;;
NISKI;RICOH;MPC 2051;11;100:KP/0077/06/2014:V9714702899 || 214:KP/0182/06/2014:V9714401089 || 553:KP/1184:V9714602749;382(4/4);382;gotowy_jednoznaczny;;Moge hurtowo ustawic MASZYNA.ID_MODEL=382 dla calej sygnatury.;Wystarczy Twoje potwierdzenie, ze wskazany ID_MODEL jest poprawny.;;
NISKI;RICOH;MPC 3300;11;1874:KP/1421:V1504400538 || 1950:KP/1428:V1503800335 || 1957:KP/1436:V1594700251;393(4/4);393;gotowy_jednoznaczny;;Moge hurtowo ustawic MASZYNA.ID_MODEL=393 dla calej sygnatury.;Wystarczy Twoje potwierdzenie, ze wskazany ID_MODEL jest poprawny.;;
NISKI;CANON;3525I;10;4295:EKP/2522:CF1493C006AA || 4472:KP/2678:XTV16136 || 4476:KP/2679:XTV15220;13(3/4);13;jednoznaczny_niepelny;PLIK;Moge hurtowo ustawic MASZYNA.ID_MODEL=13 oraz uzupelnic brakujace pola w MODEL po zatwierdzeniu wartosci.;Potrzebuje od Ciebie brakujacych pol dla MODEL 13: PLIK;;
NISKI;RICOH;MP 4055;10;6654:KP/4201\REMOTE:C379P010101 || 6655:KP/4202:C379P010102 || 6854:KP/4340:C378J100387;482(4/4) | 594(4/4);;decyzja_duplikat;;Moge hurtowo ustawic ID_MODEL po wskazaniu kanonicznego rekordu z listy kandydatow.;Potrzebuje od Ciebie wyboru jednego kanonicznego ID_MODEL dla tej sygnatury.;;
NISKI;RICOH;MPC 4000;10;336:KP/0297/07/2014:V1202501182 || 1138:KP/1029:V1292800333 || 1141:KP/1033:V1292800581;397(4/4);397;gotowy_jednoznaczny;;Moge hurtowo ustawic MASZYNA.ID_MODEL=397 dla calej sygnatury.;Wystarczy Twoje potwierdzenie, ze wskazany ID_MODEL jest poprawny.;;
NISKI;RICOH;MPC 4502;10;109:KP/0085/06/2014:W513J500502 || 2399:KP/1674:W512J500511 || 3326:KP/2060:W512J600568;573(4/4) | 497(2/4);;decyzja_duplikat;;Moge hurtowo ustawic ID_MODEL po wskazaniu kanonicznego rekordu z listy kandydatow.;Potrzebuje od Ciebie wyboru jednego kanonicznego ID_MODEL dla tej sygnatury.;;
NISKI;RICOH;MPC 6004;10;7062:KP/4530/REMONT/EMAIL:C758J700274 || 7063:KP/4529:C757JA00188 || 7208:KP/4667:C757JC00186;535(3/4);535;jednoznaczny_niepelny;PLIK;Moge hurtowo ustawic MASZYNA.ID_MODEL=535 oraz uzupelnic brakujace pola w MODEL po zatwierdzeniu wartosci.;Potrzebuje od Ciebie brakujacych pol dla MODEL 535: PLIK;;
NISKI;KONICA MINOLTA;C 3110;9;1097:KP/0995/10/2014:A6DT121000503 || 1435:KP/1181:A6DT121000345 || 1482:KP/1241:;257(3/4);257;jednoznaczny_niepelny;PLIK;Moge hurtowo ustawic MASZYNA.ID_MODEL=257 oraz uzupelnic brakujace pola w MODEL po zatwierdzeniu wartosci.;Potrzebuje od Ciebie brakujacych pol dla MODEL 257: PLIK;;
NISKI;RICOH;DSM 645;9;166:KP/0137/06/2014: || 287:KP/0248/07/2014: || 310:KP/0271/07/2014:;328(3/4);328;jednoznaczny_niepelny;PLIK;Moge hurtowo ustawic MASZYNA.ID_MODEL=328 oraz uzupelnic brakujace pola w MODEL po zatwierdzeniu wartosci.;Potrzebuje od Ciebie brakujacych pol dla MODEL 328: PLIK;;
NISKI;RICOH;DSM 675;9;226:KP/0194/06/2014:K4651504166 || 280:KP/0241/07/2014: || 292:KP/0253/07/2014:K4662500106;330(3/4);330;jednoznaczny_niepelny;PLIK;Moge hurtowo ustawic MASZYNA.ID_MODEL=330 oraz uzupelnic brakujace pola w MODEL po zatwierdzeniu wartosci.;Potrzebuje od Ciebie brakujacych pol dla MODEL 330: PLIK;;
NISKI;RICOH;IM 2702;9;5682:KP/3444:3291M220002 || 4925:EKP/2753\VM:3299M420745 || 5030:KP/2901:3299M520018;456(3/4);456;jednoznaczny_niepelny;PLIK;Moge hurtowo ustawic MASZYNA.ID_MODEL=456 oraz uzupelnic brakujace pola w MODEL po zatwierdzeniu wartosci.;Potrzebuje od Ciebie brakujacych pol dla MODEL 456: PLIK;;
NISKI;RICOH;IMC 5500;9;6627:KP/4174:3139M010112 || 6628:KP/4175:3131M010110 || 7605:KP/5059:3139MA21314;542(4/4) | 584(4/4);;decyzja_duplikat;;Moge hurtowo ustawic ID_MODEL po wskazaniu kanonicznego rekordu z listy kandydatow.;Potrzebuje od Ciebie wyboru jednego kanonicznego ID_MODEL dla tej sygnatury.;;
NISKI;RICOH;MPC 2004 SP;9;3364:EKP/2088:G746RA31007 || 3588:EKP/2245\VM:G747J200251 || 3589:EKP/2246\VM:G747J200257;402(4/4);402;gotowy_jednoznaczny;;Moge hurtowo ustawic MASZYNA.ID_MODEL=402 dla calej sygnatury.;Wystarczy Twoje potwierdzenie, ze wskazany ID_MODEL jest poprawny.;;
NISKI;RICOH;MPC 3502;9;3997:KP/2519:W502KA00967 || 4068:KP/2541: || 4389:KP/2647:W503K100869;491(3/4);491;jednoznaczny_niepelny;PLIK;Moge hurtowo ustawic MASZYNA.ID_MODEL=491 oraz uzupelnic brakujace pola w MODEL po zatwierdzeniu wartosci.;Potrzebuje od Ciebie brakujacych pol dla MODEL 491: PLIK;;
NISKI;RICOH;MPC 3504ex;9;6696:KP/4208/BNP\EMAIL:C727R610624 || 6823:KP/4320:C728R410156 || 6794:KP/4293/BNP\VM:C728J300444;493(4/4);493;gotowy_jednoznaczny;;Moge hurtowo ustawic MASZYNA.ID_MODEL=493 dla calej sygnatury.;Wystarczy Twoje potwierdzenie, ze wskazany ID_MODEL jest poprawny.;;
NISKI;RICOH;MPC 407;9;5732:KP/3486\VM:C497P300071 || 6152:KP/3870\EMAIL\VM:C497P313128 || 5892:KP/3634:C497P080803;496(3/4) | 607(3/4);;decyzja_duplikat;RODZAJ;Moge hurtowo ustawic ID_MODEL po wskazaniu kanonicznego rekordu z listy kandydatow.;Potrzebuje od Ciebie wyboru jednego kanonicznego ID_MODEL dla tej sygnatury.;;
NISKI;EPSON;WF-M5690DWF;8;4339:KP/2635:UV4Y016211 || 4385:EKP/2537:UV4Y031510 || 4439:WEKP/2550:UV4Y031515;99(3/4);99;jednoznaczny_niepelny;PLIK;Moge hurtowo ustawic MASZYNA.ID_MODEL=99 oraz uzupelnic brakujace pola w MODEL po zatwierdzeniu wartosci.;Potrzebuje od Ciebie brakujacych pol dla MODEL 99: PLIK;;
NISKI;KYOCERA;FS-2020D;8;428:KP/0384/07/2014:[XEX1X33386] || 432:KP/0388/07/2014:XEX1X33553 || 433:KP/0389/07/2014:XEX1X33390;276(3/4);276;jednoznaczny_niepelny;PLIK;Moge hurtowo ustawic MASZYNA.ID_MODEL=276 oraz uzupelnic brakujace pola w MODEL po zatwierdzeniu wartosci.;Potrzebuje od Ciebie brakujacych pol dla MODEL 276: PLIK;;
NISKI;RICOH;7505;8;273:KP/0236/07/2014:L1299701501 || 286:KP/0247/07/2014: || 289:KP/0250/07/2014:J4321000174;451(3/4);451;jednoznaczny_niepelny;PLIK;Moge hurtowo ustawic MASZYNA.ID_MODEL=451 oraz uzupelnic brakujace pola w MODEL po zatwierdzeniu wartosci.;Potrzebuje od Ciebie brakujacych pol dla MODEL 451: PLIK;;
NISKI;RICOH;MP 4000;8;470:KP/0423/07/2014:M5582900303 || 1055:KP/0968/09/2014:M5592700706 || 1172:KP/1055:;361(3/4);361;jednoznaczny_niepelny;PLIK;Moge hurtowo ustawic MASZYNA.ID_MODEL=361 oraz uzupelnic brakujace pola w MODEL po zatwierdzeniu wartosci.;Potrzebuje od Ciebie brakujacych pol dla MODEL 361: PLIK;;
NISKI;RICOH;MPC 5504;8;6207:KP/3910\EMAIL\REMOTE:C747M600109 || 6208:KP/3911\EMAIL\REMOTE:G727J400351 || 6209:KP/3912\EMAIL\REMOTE:G727J870401;501(3/4);501;jednoznaczny_niepelny;RODZAJ;Moge hurtowo ustawic MASZYNA.ID_MODEL=501 oraz uzupelnic brakujace pola w MODEL po zatwierdzeniu wartosci.;Potrzebuje od Ciebie brakujacych pol dla MODEL 501: RODZAJ;;
NISKI;RICOH;MPC 6003;8;5675:KP/3436:E194M242410 || 5676:KP/3437\VM:E194M242412 || 5677:KP/3438:E194M242411;608(4/4) | 503(3/4);;decyzja_duplikat;;Moge hurtowo ustawic ID_MODEL po wskazaniu kanonicznego rekordu z listy kandydatow.;Potrzebuje od Ciebie wyboru jednego kanonicznego ID_MODEL dla tej sygnatury.;;
NISKI;EPSON;WF - 5690;7;3851:KP/2386:UV4Y016344 || 3881:KP/2337:UV4Y016290 || 3960:EKP/2483:UV4Y030126;87(3/4);87;jednoznaczny_niepelny;PLIK;Moge hurtowo ustawic MASZYNA.ID_MODEL=87 oraz uzupelnic brakujace pola w MODEL po zatwierdzeniu wartosci.;Potrzebuje od Ciebie brakujacych pol dla MODEL 87: PLIK;;
NISKI;KONICA MINOLTA;C 252;7;29:KP/0019/06/2014: || 700:KP/0644/07/2014: || 1184:KP/1060:;253(3/4);253;jednoznaczny_niepelny;PLIK;Moge hurtowo ustawic MASZYNA.ID_MODEL=253 oraz uzupelnic brakujace pola w MODEL po zatwierdzeniu wartosci.;Potrzebuje od Ciebie brakujacych pol dla MODEL 253: PLIK;;
NISKI;KONICA MINOLTA;C 350;7;221:KP/0189/06/2014: || 227:KP/0195/06/2014: || 618:KP/0565/07/2014:;260(3/4);260;jednoznaczny_niepelny;PLIK;Moge hurtowo ustawic MASZYNA.ID_MODEL=260 oraz uzupelnic brakujace pola w MODEL po zatwierdzeniu wartosci.;Potrzebuje od Ciebie brakujacych pol dla MODEL 260: PLIK;;
NISKI;KYOCERA;4035I-MFP;7;3849:WEKP/2384\VM:V3Y7727751 || 3857:WEKP/2414:V3Y7727746 || 3876:WEKP/2389:V3Y7928283;523(3/4);523;jednoznaczny_niepelny;PLIK;Moge hurtowo ustawic MASZYNA.ID_MODEL=523 oraz uzupelnic brakujace pola w MODEL po zatwierdzeniu wartosci.;Potrzebuje od Ciebie brakujacych pol dla MODEL 523: PLIK;;
NISKI;RICOH;DSM 620;7;30:KP/0020/06/2014:J9256310293 || 32:KP/0022/06/2014: || 114:KP/0090/06/2014:K8366510761;323(3/4);323;jednoznaczny_niepelny;PLIK;Moge hurtowo ustawic MASZYNA.ID_MODEL=323 oraz uzupelnic brakujace pola w MODEL po zatwierdzeniu wartosci.;Potrzebuje od Ciebie brakujacych pol dla MODEL 323: PLIK;;
NISKI;RICOH;DSM 660;7;303:KP/0264/07/2014: || 523:KP/0473/07/2014: || 814:KP/0754/08/2014:;329(3/4);329;jednoznaczny_niepelny;PLIK;Moge hurtowo ustawic MASZYNA.ID_MODEL=329 oraz uzupelnic brakujace pola w MODEL po zatwierdzeniu wartosci.;Potrzebuje od Ciebie brakujacych pol dla MODEL 329: PLIK;;
NISKI;RICOH;MP 4002;7;3224:KP/2005:W522J800137 || 3869:KP/2449:W522J700189 || 4442:KP/2663:W523J862592;479(3/4);479;jednoznaczny_niepelny;PLIK;Moge hurtowo ustawic MASZYNA.ID_MODEL=479 oraz uzupelnic brakujace pola w MODEL po zatwierdzeniu wartosci.;Potrzebuje od Ciebie brakujacych pol dla MODEL 479: PLIK;;
NISKI;RICOH;MP 5055;7;6160:KP/3877\EMAIL:C387JB00134 || 6161:KP/3878/BNP/SRS/Ubezp.\REMOTE:C387JB00211 || 6789:KP/4288:C388PA00200;485(4/4);485;gotowy_jednoznaczny;;Moge hurtowo ustawic MASZYNA.ID_MODEL=485 dla calej sygnatury.;Wystarczy Twoje potwierdzenie, ze wskazany ID_MODEL jest poprawny.;;
NISKI;RICOH;MPC 3003 SP;7;1528:KP/1246\EMAIL:E154M433159 || 2229:WEKP/1582:E155M331771 || 2523:KP/1745:E154M420548;404(4/4);404;gotowy_jednoznaczny;;Moge hurtowo ustawic MASZYNA.ID_MODEL=404 dla calej sygnatury.;Wystarczy Twoje potwierdzenie, ze wskazany ID_MODEL jest poprawny.;;
NISKI;CANON;IR 1018;6;946:KP/0880/09/2014: || 1165:KP/1050: || 1517:KP/1219:;24(3/4);24;jednoznaczny_niepelny;PLIK;Moge hurtowo ustawic MASZYNA.ID_MODEL=24 oraz uzupelnic brakujace pola w MODEL po zatwierdzeniu wartosci.;Potrzebuje od Ciebie brakujacych pol dla MODEL 24: PLIK;;
NISKI;CANON;IR 2018;6;158:KP/0129/06/2014: || 766:KP/0709/08/2014: || 884:KP/0821/08/2014:;29(3/4);29;jednoznaczny_niepelny;PLIK;Moge hurtowo ustawic MASZYNA.ID_MODEL=29 oraz uzupelnic brakujace pola w MODEL po zatwierdzeniu wartosci.;Potrzebuje od Ciebie brakujacych pol dla MODEL 29: PLIK;;
NISKI;CANON;IR 4570;6;197:KP/0165/06/2014:KFQI8281 || 267:KP/0231/06/2014: || 321:KP/0282/07/2014:;40(3/4);40;jednoznaczny_niepelny;PLIK;Moge hurtowo ustawic MASZYNA.ID_MODEL=40 oraz uzupelnic brakujace pola w MODEL po zatwierdzeniu wartosci.;Potrzebuje od Ciebie brakujacych pol dla MODEL 40: PLIK;;
NISKI;CANON;IR ADVANCE C2220I;6;638:KP/0585/07/2014:Lyk21916 || 1107:KP/996:LYK50275 || 1109:KP/1145:LYK50263;46(4/4);46;gotowy_jednoznaczny;;Moge hurtowo ustawic MASZYNA.ID_MODEL=46 dla calej sygnatury.;Wystarczy Twoje potwierdzenie, ze wskazany ID_MODEL jest poprawny.;;
NISKI;EPSON;WF-C8690 DWF;6;4437:EKP/2548:X59U000050 || 4474:EKP/2562:X59U000061 || 4524:WEKP/2577:X59U000022;95(2/4);95;jednoznaczny_niepelny;KOLOR, PLIK;Moge hurtowo ustawic MASZYNA.ID_MODEL=95 oraz uzupelnic brakujace pola w MODEL po zatwierdzeniu wartosci.;Potrzebuje od Ciebie brakujacych pol dla MODEL 95: KOLOR, PLIK;;
NISKI;KONICA MINOLTA;C 220;6;1270:KP/10958: || 2016:KP/1487:A0ED023009908 || 3220:....:;247(3/4);247;jednoznaczny_niepelny;PLIK;Moge hurtowo ustawic MASZYNA.ID_MODEL=247 oraz uzupelnic brakujace pola w MODEL po zatwierdzeniu wartosci.;Potrzebuje od Ciebie brakujacych pol dla MODEL 247: PLIK;;
NISKI;RICOH;DSM 730;6;230:KP/0198/06/2014:K8664600115 || 539:KP/0488/07/2014:K8654400152 || 701:KP/0645/07/2014:;332(3/4);332;jednoznaczny_niepelny;PLIK;Moge hurtowo ustawic MASZYNA.ID_MODEL=332 oraz uzupelnic brakujace pola w MODEL po zatwierdzeniu wartosci.;Potrzebuje od Ciebie brakujacych pol dla MODEL 332: PLIK;;
NISKI;RICOH;MP 2500;6;467:KP/0420/07/2014: || 817:KP/0757/08/2014: || 1163:KP/1870:M4472400634;347(3/4);347;jednoznaczny_niepelny;PLIK;Moge hurtowo ustawic MASZYNA.ID_MODEL=347 oraz uzupelnic brakujace pola w MODEL po zatwierdzeniu wartosci.;Potrzebuje od Ciebie brakujacych pol dla MODEL 347: PLIK;;
NISKI;RICOH;MP 401;6;4803:WEKP/2697\REMOTE:T605HB02720 || 6485:KP/4066:T605H900327 || 6486:KP/4067\VM:T605HC01770;480(4/4);480;gotowy_jednoznaczny;;Moge hurtowo ustawic MASZYNA.ID_MODEL=480 dla calej sygnatury.;Wystarczy Twoje potwierdzenie, ze wskazany ID_MODEL jest poprawny.;;
NISKI;RICOH;MP 5500;6;4:KP/0002/06/2014:L7763300279 || 343:KP/0304/07/2014: || 345:KP/0306/07/2014:L7772600321;365(3/4);365;jednoznaczny_niepelny;PLIK;Moge hurtowo ustawic MASZYNA.ID_MODEL=365 oraz uzupelnic brakujace pola w MODEL po zatwierdzeniu wartosci.;Potrzebuje od Ciebie brakujacych pol dla MODEL 365: PLIK;;
NISKI;RICOH;MPC 4504ex;6;6934:KP/4423\REMOTE:C737M921873 || 6878:KP/4373:C738M420259 || 7058:KP/4526:C738J200070;499(4/4);499;gotowy_jednoznaczny;;Moge hurtowo ustawic MASZYNA.ID_MODEL=499 dla calej sygnatury.;Wystarczy Twoje potwierdzenie, ze wskazany ID_MODEL jest poprawny.;;
NISKI;CANON;3520I;5;4783:WEKP/2688:2FW03729 || 4784:WEKP/2689:2FW03716 || 4854:EKP/2724:2FW06110;12(3/4);12;jednoznaczny_niepelny;PLIK;Moge hurtowo ustawic MASZYNA.ID_MODEL=12 oraz uzupelnic brakujace pola w MODEL po zatwierdzeniu wartosci.;Potrzebuje od Ciebie brakujacych pol dla MODEL 12: PLIK;;
NISKI;CANON;6512;5;829:KP/0769/08/2014: || 857:KP/0795/08/2014: || 1323:KP/1127:;16(3/4);16;jednoznaczny_niepelny;PLIK;Moge hurtowo ustawic MASZYNA.ID_MODEL=16 oraz uzupelnic brakujace pola w MODEL po zatwierdzeniu wartosci.;Potrzebuje od Ciebie brakujacych pol dla MODEL 16: PLIK;;
NISKI;KONICA MINOLTA;C 224E;5;688:KP/0633/07/2014: || 2207:KP/1567:a5c41z1104976 || 3832:KP/2397:A4FM021014300;248(3/4) | 549(3/4);;decyzja_duplikat;PLIK;Moge hurtowo ustawic ID_MODEL po wskazaniu kanonicznego rekordu z listy kandydatow.;Potrzebuje od Ciebie wyboru jednego kanonicznego ID_MODEL dla tej sygnatury.;;
NISKI;KONICA MINOLTA;INEO+ 224E;5;335:KP/0296/07/2014:15C412110271 || 502:KP/0454/07/2014:AS4FM121003036 || 939:KP/0873/09/2014:;72(3/4);72;jednoznaczny_niepelny;PLIK;Moge hurtowo ustawic MASZYNA.ID_MODEL=72 oraz uzupelnic brakujace pola w MODEL po zatwierdzeniu wartosci.;Potrzebuje od Ciebie brakujacych pol dla MODEL 72: PLIK;;
NISKI;KYOCERA;2507ci;5;5207:KP/3018:RGT9906336 || 5600:KP/3369:RGT0X14152 || 5545:KP/3319:RGT0X14158;519(3/4);519;jednoznaczny_niepelny;PLIK;Moge hurtowo ustawic MASZYNA.ID_MODEL=519 oraz uzupelnic brakujace pola w MODEL po zatwierdzeniu wartosci.;Potrzebuje od Ciebie brakujacych pol dla MODEL 519: PLIK;;
NISKI;RICOH;1018;5;3502:KP/2251: || 3632:KP/2273: || 3752:.......:;425(3/4);425;jednoznaczny_niepelny;PLIK;Moge hurtowo ustawic MASZYNA.ID_MODEL=425 oraz uzupelnic brakujace pola w MODEL po zatwierdzeniu wartosci.;Potrzebuje od Ciebie brakujacych pol dla MODEL 425: PLIK;;
NISKI;RICOH;1505 / 1315;5;133:KP/0107/06/2014: || 1597:KP/1275: || 1686:KP/1291:;301(3/4);301;jednoznaczny_niepelny;PLIK;Moge hurtowo ustawic MASZYNA.ID_MODEL=301 oraz uzupelnic brakujace pola w MODEL po zatwierdzeniu wartosci.;Potrzebuje od Ciebie brakujacych pol dla MODEL 301: PLIK;;
NISKI;RICOH;DSM 745;5;811:KP/0751/08/2014: || 1311:KP/1120: || 1424:KP/1171:;333(3/4);333;jednoznaczny_niepelny;PLIK;Moge hurtowo ustawic MASZYNA.ID_MODEL=333 oraz uzupelnic brakujace pola w MODEL po zatwierdzeniu wartosci.;Potrzebuje od Ciebie brakujacych pol dla MODEL 333: PLIK;;
NISKI;RICOH;IM 2500;5;6926:KP/4416\REMOTE:4413R441401 || 7189:KP/4647:4412R940006 || 7592:KP/5051:4414R940197;455(3/4) | 574(3/4);;decyzja_duplikat;PLIK;Moge hurtowo ustawic ID_MODEL po wskazaniu kanonicznego rekordu z listy kandydatow.;Potrzebuje od Ciebie wyboru jednego kanonicznego ID_MODEL dla tej sygnatury.;;
NISKI;RICOH;MP 3555;5;3585:KP/2264:C367J500070 || 7250:KP/4696/BNP/SRS/SmartIT:C368P500136 || 6866::;477(4/4);477;gotowy_jednoznaczny;;Moge hurtowo ustawic MASZYNA.ID_MODEL=477 dla calej sygnatury.;Wystarczy Twoje potwierdzenie, ze wskazany ID_MODEL jest poprawny.;;
NISKI;RICOH;MP 5001;5;478:KP/0431/07/2014:V8003100546 || 898:KP/0834/08/2014: || 1575:KP/1258:;364(3/4);364;jednoznaczny_niepelny;PLIK;Moge hurtowo ustawic MASZYNA.ID_MODEL=364 oraz uzupelnic brakujace pola w MODEL po zatwierdzeniu wartosci.;Potrzebuje od Ciebie brakujacych pol dla MODEL 364: PLIK;;
NISKI;RICOH;MPC 3500;5;565:KP/0513/07/2014:L8984400215 || 619:KP/0566/07/2014:L8974400084 || 1120:KP/1007:L8983701592;394(4/4);394;gotowy_jednoznaczny;;Moge hurtowo ustawic MASZYNA.ID_MODEL=394 dla calej sygnatury.;Wystarczy Twoje potwierdzenie, ze wskazany ID_MODEL jest poprawny.;;
NISKI;TRIUMPH-ADLER;4030;5;5255:KP/2945:V1P3Y01303 || 5217:KP/3024:V1P3Y01326 || 5218:KP/3025\VM:V1P3Y01268;513(3/4);513;jednoznaczny_niepelny;PLIK;Moge hurtowo ustawic MASZYNA.ID_MODEL=513 oraz uzupelnic brakujace pola w MODEL po zatwierdzeniu wartosci.;Potrzebuje od Ciebie brakujacych pol dla MODEL 513: PLIK;;
NISKI;CANON;IR 3035;4;564:KP/0512/07/2014: || 910:KP/0844/09/2014: || 911:KP/0845/09/2014:;37(3/4);37;jednoznaczny_niepelny;PLIK;Moge hurtowo ustawic MASZYNA.ID_MODEL=37 oraz uzupelnic brakujace pola w MODEL po zatwierdzeniu wartosci.;Potrzebuje od Ciebie brakujacych pol dla MODEL 37: PLIK;;
NISKI;HP;HP Designjet T650;4;5720:KP/3475:CN0C32M047 || 6590:KP/4157:CN2894M02N || 5718:KP/3474/BNP:CN0BL2M02W;155(2/4);155;jednoznaczny_niepelny;KOLOR, PLIK;Moge hurtowo ustawic MASZYNA.ID_MODEL=155 oraz uzupelnic brakujace pola w MODEL po zatwierdzeniu wartosci.;Potrzebuje od Ciebie brakujacych pol dla MODEL 155: KOLOR, PLIK;;
NISKI;KONICA MINOLTA;162;4;630:KP/0577/07/2014: || 684:KP/0629/07/2014: || 708:KP/0652/07/2014:;233(3/4);233;jednoznaczny_niepelny;PLIK;Moge hurtowo ustawic MASZYNA.ID_MODEL=233 oraz uzupelnic brakujace pola w MODEL po zatwierdzeniu wartosci.;Potrzebuje od Ciebie brakujacych pol dla MODEL 233: PLIK;;
NISKI;KONICA MINOLTA;C 203;4;202:KP/0170/06/2014:A02E022027 || 1938:KP/1443:A02E022010490 || 2766:KP/1862:;245(3/4);245;jednoznaczny_niepelny;PLIK;Moge hurtowo ustawic MASZYNA.ID_MODEL=245 oraz uzupelnic brakujace pola w MODEL po zatwierdzeniu wartosci.;Potrzebuje od Ciebie brakujacych pol dla MODEL 245: PLIK;;
NISKI;KONICA MINOLTA;INEO 220;4;376:KP/0336/07/2014:A0ED023118734 || 402:KP/0360/07/2014:A0ED023115881 || 2044:KP/1479:;70(3/4);70;jednoznaczny_niepelny;PLIK;Moge hurtowo ustawic MASZYNA.ID_MODEL=70 oraz uzupelnic brakujace pola w MODEL po zatwierdzeniu wartosci.;Potrzebuje od Ciebie brakujacych pol dla MODEL 70: PLIK;;
NISKI;KYOCERA;300ci;4;3931:WEKP/2467:W387504360 || 3932:WEKP/2469:W387504361 || 4214:EKP/2493:W386401549;520(4/4);520;gotowy_jednoznaczny;;Moge hurtowo ustawic MASZYNA.ID_MODEL=520 dla calej sygnatury.;Wystarczy Twoje potwierdzenie, ze wskazany ID_MODEL jest poprawny.;;
NISKI;KYOCERA;P 6235C;4;4151:KP/2577:1102NS3NL0V5U7218420 || 4223:KP/2593: || 4407:KP/2652:RCH8702543;282(3/4);282;jednoznaczny_niepelny;PLIK;Moge hurtowo ustawic MASZYNA.ID_MODEL=282 oraz uzupelnic brakujace pola w MODEL po zatwierdzeniu wartosci.;Potrzebuje od Ciebie brakujacych pol dla MODEL 282: PLIK;;
NISKI;KYOCERA;P-5532;4;5382:KP/3168:R9J903914 || 5383:KP/3167\VM:R9J9Y03911 || 5485:KP/3265\VM:R9J0807233;525(3/4);525;jednoznaczny_niepelny;PLIK;Moge hurtowo ustawic MASZYNA.ID_MODEL=525 oraz uzupelnic brakujace pola w MODEL po zatwierdzeniu wartosci.;Potrzebuje od Ciebie brakujacych pol dla MODEL 525: PLIK;;
NISKI;RICOH;1515;4;3221:KP/2004: || 3841:KP/2405: || 4174:KP/2583:K2149200042;427(3/4);427;jednoznaczny_niepelny;PLIK;Moge hurtowo ustawic MASZYNA.ID_MODEL=427 oraz uzupelnic brakujace pola w MODEL po zatwierdzeniu wartosci.;Potrzebuje od Ciebie brakujacych pol dla MODEL 427: PLIK;;
NISKI;RICOH;DSC 328;4;189:KP/0158/06/2014:K4341200868 || 667:KP/0613/07/2014: || 1194:KP/1064:;314(3/4);314;jednoznaczny_niepelny;PLIK;Moge hurtowo ustawic MASZYNA.ID_MODEL=314 oraz uzupelnic brakujace pola w MODEL po zatwierdzeniu wartosci.;Potrzebuje od Ciebie brakujacych pol dla MODEL 314: PLIK;;
NISKI;RICOH;DSC 424;4;369:KP/0329/07/2014: || 901:KP/0837/08/2014: || 1916:KP/1378:;316(3/4);316;jednoznaczny_niepelny;PLIK;Moge hurtowo ustawic MASZYNA.ID_MODEL=316 oraz uzupelnic brakujace pola w MODEL po zatwierdzeniu wartosci.;Potrzebuje od Ciebie brakujacych pol dla MODEL 316: PLIK;;
NISKI;RICOH;DSC 435;4;186:KP/0155/06/2014:K5160100430 || 419:KP/0375/07/2014: || 592:KP/0539/07/2014:K5060400823;317(3/4);317;jednoznaczny_niepelny;PLIK;Moge hurtowo ustawic MASZYNA.ID_MODEL=317 oraz uzupelnic brakujace pola w MODEL po zatwierdzeniu wartosci.;Potrzebuje od Ciebie brakujacych pol dla MODEL 317: PLIK;;
NISKI;RICOH;IMC 2000;4;6211:KP/3914\REMOTE:3082R110818 || 7028::UYT5667789J || 7223::;461(3/4) | 579(3/4);;decyzja_duplikat;RODZAJ;Moge hurtowo ustawic ID_MODEL po wskazaniu kanonicznego rekordu z listy kandydatow.;Potrzebuje od Ciebie wyboru jednego kanonicznego ID_MODEL dla tej sygnatury.;;
NISKI;RICOH;MP 1600;4;854:KP/0793/08/2014: || 858:KP/0796/08/2014: || 959:KP/0893/09/2014:;337(2/4);337;jednoznaczny_niepelny;KOLOR, PLIK;Moge hurtowo ustawic MASZYNA.ID_MODEL=337 oraz uzupelnic brakujace pola w MODEL po zatwierdzeniu wartosci.;Potrzebuje od Ciebie brakujacych pol dla MODEL 337: KOLOR, PLIK;;
NISKI;RICOH;MP 5000;4;247:KP/0214/06/2014:M5783400241 || 2037:KP/1476: || 2286:kp/1570:V8003100016;363(4/4);363;gotowy_jednoznaczny;;Moge hurtowo ustawic MASZYNA.ID_MODEL=363 dla calej sygnatury.;Wystarczy Twoje potwierdzenie, ze wskazany ID_MODEL jest poprawny.;;
NISKI;RICOH;MP 6002;4;4630:KP/2731:W863J400005 || 4752:KP/2766\VM:W864J967256 || 5064:KP/2926\REMOTE:W866J100175;367(3/4);367;jednoznaczny_niepelny;PLIK;Moge hurtowo ustawic MASZYNA.ID_MODEL=367 oraz uzupelnic brakujace pola w MODEL po zatwierdzeniu wartosci.;Potrzebuje od Ciebie brakujacych pol dla MODEL 367: PLIK;;
NISKI;RICOH;Ricoh IM 350;4;7126:KP/4592:3389P700020 || 7481:KP/4928:3380PB02596 || 7482:KP/4929\R\E:3389PB01127;632(3/4);632;jednoznaczny_niepelny;RODZAJ;Moge hurtowo ustawic MASZYNA.ID_MODEL=632 oraz uzupelnic brakujace pola w MODEL po zatwierdzeniu wartosci.;Potrzebuje od Ciebie brakujacych pol dla MODEL 632: RODZAJ;;
NISKI;CANON;IR 1024IF;3;769:KP/0711/08/2014: || 945:KP/0879/09/2014: || 960:KP/0894/09/2014:;27(3/4);27;jednoznaczny_niepelny;PLIK;Moge hurtowo ustawic MASZYNA.ID_MODEL=27 oraz uzupelnic brakujace pola w MODEL po zatwierdzeniu wartosci.;Potrzebuje od Ciebie brakujacych pol dla MODEL 27: PLIK;;
NISKI;CANON;IR 2200;3;320:KP/0281/07/2014: || 674:KP/0620/07/2014: || 1031:KP/0950/09/2014:;31(3/4);31;jednoznaczny_niepelny;PLIK;Moge hurtowo ustawic MASZYNA.ID_MODEL=31 oraz uzupelnic brakujace pola w MODEL po zatwierdzeniu wartosci.;Potrzebuje od Ciebie brakujacych pol dla MODEL 31: PLIK;;
NISKI;CANON;IR 6555I;3;4595:KP/2713:XQS01348 || 4635:KP/2734: || 4882:EKP/2734:2MA01138;42(3/4);42;jednoznaczny_niepelny;PLIK;Moge hurtowo ustawic MASZYNA.ID_MODEL=42 oraz uzupelnic brakujace pola w MODEL po zatwierdzeniu wartosci.;Potrzebuje od Ciebie brakujacych pol dla MODEL 42: PLIK;;
NISKI;CANON;IR ADVANCE 4225I;3;316:KP/0277/07/2014: || 1127:KP/1015:QHU03241 || 1680:KP/1315:QJZ15536;45(3/4);45;jednoznaczny_niepelny;PLIK;Moge hurtowo ustawic MASZYNA.ID_MODEL=45 oraz uzupelnic brakujace pola w MODEL po zatwierdzeniu wartosci.;Potrzebuje od Ciebie brakujacych pol dla MODEL 45: PLIK;;
NISKI;CANON;imagePROGRAF TM-300;3;5076:WKP/2935/BNP:BALB08047 || 5552:WKP/3325/BNP:BALB21712 || 5495:KP/3272:BALB18966;63(2/4);63;jednoznaczny_niepelny;KOLOR, PLIK;Moge hurtowo ustawic MASZYNA.ID_MODEL=63 oraz uzupelnic brakujace pola w MODEL po zatwierdzeniu wartosci.;Potrzebuje od Ciebie brakujacych pol dla MODEL 63: KOLOR, PLIK;;
NISKI;EPSON;EPSONSC-T 5100;3;4587:KP/2710: || 4588:KP/2711:X3ZR000740 || 4659:WEKP/2626:X3ZR000586;84(2/4);84;jednoznaczny_niepelny;KOLOR, PLIK;Moge hurtowo ustawic MASZYNA.ID_MODEL=84 oraz uzupelnic brakujace pola w MODEL po zatwierdzeniu wartosci.;Potrzebuje od Ciebie brakujacych pol dla MODEL 84: KOLOR, PLIK;;
NISKI;EPSON;WF-C5790DWF;3;4862:WEKP/2727:X3B8033119 || 4897:EKP/2743:X3B8033096 || 4913:KP/2808:X3B8033118;93(3/4);93;jednoznaczny_niepelny;PLIK;Moge hurtowo ustawic MASZYNA.ID_MODEL=93 oraz uzupelnic brakujace pola w MODEL po zatwierdzeniu wartosci.;Potrzebuje od Ciebie brakujacych pol dla MODEL 93: PLIK;;
NISKI;HP;DesignJet T650;3;5691:WKP/3453/BNP:CN0C22M0HP || 7570:KP/5014:5HB08D || 6691:KP/4206:CN3294M080;151(2/4);151;jednoznaczny_niepelny;KOLOR, PLIK;Moge hurtowo ustawic MASZYNA.ID_MODEL=151 oraz uzupelnic brakujace pola w MODEL po zatwierdzeniu wartosci.;Potrzebuje od Ciebie brakujacych pol dla MODEL 151: KOLOR, PLIK;;
NISKI;HP;HP Designjet 510;3;4523:KP/....: || 4642:KP*****: || 4652:kp00000:;153(2/4);153;jednoznaczny_niepelny;KOLOR, PLIK;Moge hurtowo ustawic MASZYNA.ID_MODEL=153 oraz uzupelnic brakujace pola w MODEL po zatwierdzeniu wartosci.;Potrzebuje od Ciebie brakujacych pol dla MODEL 153: KOLOR, PLIK;;
NISKI;KONICA MINOLTA;BIZHUB 223;3;796:KP/0737/08/2014: || 897:KP/0833/08/2014: || 6369::;242(3/4);242;jednoznaczny_niepelny;PLIK;Moge hurtowo ustawic MASZYNA.ID_MODEL=242 oraz uzupelnic brakujace pola w MODEL po zatwierdzeniu wartosci.;Potrzebuje od Ciebie brakujacych pol dla MODEL 242: PLIK;;
NISKI;KONICA MINOLTA;C 450;3;617:KP/0564/07/2014: || 1395:KP/1167: || 2109:KP/1505:;262(3/4);262;jednoznaczny_niepelny;PLIK;Moge hurtowo ustawic MASZYNA.ID_MODEL=262 oraz uzupelnic brakujace pola w MODEL po zatwierdzeniu wartosci.;Potrzebuje od Ciebie brakujacych pol dla MODEL 262: PLIK;;
NISKI;KONICA MINOLTA;C 451;3;806:KP/0746/08/2014: || 3858:KP/2444: || 6783::;263(2/4) | 548(2/4);;decyzja_duplikat;RODZAJ, PLIK;Moge hurtowo ustawic ID_MODEL po wskazaniu kanonicznego rekordu z listy kandydatow.;Potrzebuje od Ciebie wyboru jednego kanonicznego ID_MODEL dla tej sygnatury.;;
NISKI;KONICA MINOLTA;INEO+ 284;3;1269:KP/1094: || 2614:KP/1795: || 6831::;74(3/4);74;jednoznaczny_niepelny;PLIK;Moge hurtowo ustawic MASZYNA.ID_MODEL=74 oraz uzupelnic brakujace pola w MODEL po zatwierdzeniu wartosci.;Potrzebuje od Ciebie brakujacych pol dla MODEL 74: PLIK;;
NISKI;KYOCERA;TASKalfa 356ci;3;4890:EKP/2740:V7C8Z19712 || 6528:KP/4105:V7C7307440 || 6529:KP/4106:V7C7307488;283(3/4);283;jednoznaczny_niepelny;KOLOR;Moge hurtowo ustawic MASZYNA.ID_MODEL=283 oraz uzupelnic brakujace pola w MODEL po zatwierdzeniu wartosci.;Potrzebuje od Ciebie brakujacych pol dla MODEL 283: KOLOR;;
NISKI;RICOH;3205;3;185:KP/0154/06/2014:J0330400011 || 664:KP/0610/07/2014: || 719:KP/0663/07/2014:;306(3/4);306;jednoznaczny_niepelny;PLIK;Moge hurtowo ustawic MASZYNA.ID_MODEL=306 oraz uzupelnic brakujace pola w MODEL po zatwierdzeniu wartosci.;Potrzebuje od Ciebie brakujacych pol dla MODEL 306: PLIK;;
NISKI;RICOH;5210 SF;3;3637:KP/2274:S9158977453 || 3872:KP/2453:S9124600568 || 4031:KP/2531:S9123900118;449(3/4);449;jednoznaczny_niepelny;PLIK;Moge hurtowo ustawic MASZYNA.ID_MODEL=449 oraz uzupelnic brakujace pola w MODEL po zatwierdzeniu wartosci.;Potrzebuje od Ciebie brakujacych pol dla MODEL 449: PLIK;;
NISKI;RICOH;7502;3;5042:KP/2904:W876J200107 || 5185:KP/3010:W875J700010 || 6001:KP/3734\VM:W875J997340;450(3/4);450;jednoznaczny_niepelny;PLIK;Moge hurtowo ustawic MASZYNA.ID_MODEL=450 oraz uzupelnic brakujace pola w MODEL po zatwierdzeniu wartosci.;Potrzebuje od Ciebie brakujacych pol dla MODEL 450: PLIK;;
NISKI;RICOH;DSM 735;3;79:KP/0057/06/2014:K9363100071 || 1305:KP/1141:K9363300981 || 2011:KP/1471:;335(3/4);335;jednoznaczny_niepelny;PLIK;Moge hurtowo ustawic MASZYNA.ID_MODEL=335 oraz uzupelnic brakujace pola w MODEL po zatwierdzeniu wartosci.;Potrzebuje od Ciebie brakujacych pol dla MODEL 335: PLIK;;
NISKI;RICOH;MP 3053;3;4653:KP/2738:E754KA88452 || 4751:KP/2765\VM:E754K878541 || 6350:KP/3978\REMOTE:E754K785124;474(4/4);474;gotowy_jednoznaczny;;Moge hurtowo ustawic MASZYNA.ID_MODEL=474 dla calej sygnatury.;Wystarczy Twoje potwierdzenie, ze wskazany ID_MODEL jest poprawny.;;
NISKI;RICOH;MP 5054;3;5921:KP/3663:G186R080816 || 6525:KP/4102\EMAIL:G186J800320 || 6434:KP/4026:G185JA00125;484(4/4) | 595(4/4);;decyzja_duplikat;;Moge hurtowo ustawic ID_MODEL po wskazaniu kanonicznego rekordu z listy kandydatow.;Potrzebuje od Ciebie wyboru jednego kanonicznego ID_MODEL dla tej sygnatury.;;
NISKI;RICOH;MP 8001;3;3926:KP/2477:V7102900009 || 3928:KP/2476:V709330010 || 3986:KP/2515:V7113899334;370(3/4);370;jednoznaczny_niepelny;PLIK;Moge hurtowo ustawic MASZYNA.ID_MODEL=370 oraz uzupelnic brakujace pola w MODEL po zatwierdzeniu wartosci.;Potrzebuje od Ciebie brakujacych pol dla MODEL 370: PLIK;;
NISKI;RICOH;MPC 2004ex sp;3;3639:KP/2276:c767r420087 || 3888:EKP/2417\VM:C767RA22120 || 4277:WEKP/2512\VM:C767RC21570;403(4/4);403;gotowy_jednoznaczny;;Moge hurtowo ustawic MASZYNA.ID_MODEL=403 dla calej sygnatury.;Wystarczy Twoje potwierdzenie, ze wskazany ID_MODEL jest poprawny.;;
NISKI;TRIUMPH-ADLER;P-C3061;3;4023:KP/2528:V826X03956 || 4024:KP/2529:V826X03955 || 4025:KP/2530:V826X03960;515(3/4);515;jednoznaczny_niepelny;PLIK;Moge hurtowo ustawic MASZYNA.ID_MODEL=515 oraz uzupelnic brakujace pola w MODEL po zatwierdzeniu wartosci.;Potrzebuje od Ciebie brakujacych pol dla MODEL 515: PLIK;;
NISKI;CANON;6612;2;706:KP/0650/07/2014: || 4241:.........................:;17(3/4);17;jednoznaczny_niepelny;PLIK;Moge hurtowo ustawic MASZYNA.ID_MODEL=17 oraz uzupelnic brakujace pola w MODEL po zatwierdzeniu wartosci.;Potrzebuje od Ciebie brakujacych pol dla MODEL 17: PLIK;;
NISKI;CANON;C 5030I;2;3317:.: || 6071::;19(2/4);19;jednoznaczny_niepelny;RODZAJ, PLIK;Moge hurtowo ustawic MASZYNA.ID_MODEL=19 oraz uzupelnic brakujace pola w MODEL po zatwierdzeniu wartosci.;Potrzebuje od Ciebie brakujacych pol dla MODEL 19: RODZAJ, PLIK;;
NISKI;CANON;FORMULA DR- 6010C;2;2667:KP/1757: || 4111:KP/2560:;20(2/4);20;jednoznaczny_niepelny;KOLOR, PLIK;Moge hurtowo ustawic MASZYNA.ID_MODEL=20 oraz uzupelnic brakujace pola w MODEL po zatwierdzeniu wartosci.;Potrzebuje od Ciebie brakujacych pol dla MODEL 20: KOLOR, PLIK;;
NISKI;CANON;IPF 770;2;1451:: || 3768:KP/2355:;23(3/4);23;jednoznaczny_niepelny;PLIK;Moge hurtowo ustawic MASZYNA.ID_MODEL=23 oraz uzupelnic brakujace pola w MODEL po zatwierdzeniu wartosci.;Potrzebuje od Ciebie brakujacych pol dla MODEL 23: PLIK;;
NISKI;CANON;IR 1022I;2;318:KP/0279/07/2014: || 1879:KP/1371:;26(3/4);26;jednoznaczny_niepelny;PLIK;Moge hurtowo ustawic MASZYNA.ID_MODEL=26 oraz uzupelnic brakujace pola w MODEL po zatwierdzeniu wartosci.;Potrzebuje od Ciebie brakujacych pol dla MODEL 26: PLIK;;
NISKI;CANON;IR 1133;2;855:KP/0794/08/2014: || 6588::reklamacje;28(3/4);28;jednoznaczny_niepelny;PLIK;Moge hurtowo ustawic MASZYNA.ID_MODEL=28 oraz uzupelnic brakujace pola w MODEL po zatwierdzeniu wartosci.;Potrzebuje od Ciebie brakujacych pol dla MODEL 28: PLIK;;
NISKI;CANON;IR 2270;2;2211:KP/1549: || 5489::;32(2/4) | 552(2/4);;decyzja_duplikat;RODZAJ, PLIK;Moge hurtowo ustawic ID_MODEL po wskazaniu kanonicznego rekordu z listy kandydatow.;Potrzebuje od Ciebie wyboru jednego kanonicznego ID_MODEL dla tej sygnatury.;;
NISKI;CANON;IR 2800;2;315:KP/0276/07/2014: || 763:KP/0706/08/2014:;35(3/4);35;jednoznaczny_niepelny;PLIK;Moge hurtowo ustawic MASZYNA.ID_MODEL=35 oraz uzupelnic brakujace pola w MODEL po zatwierdzeniu wartosci.;Potrzebuje od Ciebie brakujacych pol dla MODEL 35: PLIK;;
NISKI;CANON;IR ADVANCE C2225I;2;47:KP/0033/06/2014:LYE07816 || 1173:KP/1:;47(4/4);47;gotowy_jednoznaczny;;Moge hurtowo ustawic MASZYNA.ID_MODEL=47 dla calej sygnatury.;Wystarczy Twoje potwierdzenie, ze wskazany ID_MODEL jest poprawny.;;
NISKI;CANON;IR ADVANCE C5235I;2;876:KP/0813/08/2014: || 1982:JWF90695:JWF90695;48(3/4);48;jednoznaczny_niepelny;KOLOR;Moge hurtowo ustawic MASZYNA.ID_MODEL=48 oraz uzupelnic brakujace pola w MODEL po zatwierdzeniu wartosci.;Potrzebuje od Ciebie brakujacych pol dla MODEL 48: KOLOR;;
NISKI;CANON;IR-ADV 525i;2;4763:EKP/2676:2CG03226 || 4764:WEKP/2675\VM:2CG03108;51(3/4);51;jednoznaczny_niepelny;PLIK;Moge hurtowo ustawic MASZYNA.ID_MODEL=51 oraz uzupelnic brakujace pola w MODEL po zatwierdzeniu wartosci.;Potrzebuje od Ciebie brakujacych pol dla MODEL 51: PLIK;;
NISKI;EPSON;WF-869RD3TWFC;2;4429:KP/2661:X2SS001013 || 4465:KP/2682:X2SS007118;92(3/4);92;jednoznaczny_niepelny;PLIK;Moge hurtowo ustawic MASZYNA.ID_MODEL=92 oraz uzupelnic brakujace pola w MODEL po zatwierdzeniu wartosci.;Potrzebuje od Ciebie brakujacych pol dla MODEL 92: PLIK;;
NISKI;EPSON;WF-C878R;2;6964:: || 7123::;97(2/4);97;jednoznaczny_niepelny;RODZAJ, PLIK;Moge hurtowo ustawic MASZYNA.ID_MODEL=97 oraz uzupelnic brakujace pola w MODEL po zatwierdzeniu wartosci.;Potrzebuje od Ciebie brakujacych pol dla MODEL 97: RODZAJ, PLIK;;
NISKI;HP;500;2;2528:KP/1748: || 2732:KP/1762:;146(3/4);146;jednoznaczny_niepelny;PLIK;Moge hurtowo ustawic MASZYNA.ID_MODEL=146 oraz uzupelnic brakujace pola w MODEL po zatwierdzeniu wartosci.;Potrzebuje od Ciebie brakujacych pol dla MODEL 146: PLIK;;
NISKI;HP;LJ 2727MF;2;1838:KP/12312312: || 3190:kp...:;160(3/4);160;jednoznaczny_niepelny;PLIK;Moge hurtowo ustawic MASZYNA.ID_MODEL=160 oraz uzupelnic brakujace pola w MODEL po zatwierdzeniu wartosci.;Potrzebuje od Ciebie brakujacych pol dla MODEL 160: PLIK;;
NISKI;KONICA MINOLTA;360;2;2729:KP/1761: || 7473::;239(3/4);239;jednoznaczny_niepelny;PLIK;Moge hurtowo ustawic MASZYNA.ID_MODEL=239 oraz uzupelnic brakujace pola w MODEL po zatwierdzeniu wartosci.;Potrzebuje od Ciebie brakujacych pol dla MODEL 239: PLIK;;
NISKI;KONICA MINOLTA;BIZNHUB 211;2;950:KP/0884/09/2014: || 2036:KP/1475:;244(2/4);244;jednoznaczny_niepelny;KOLOR, PLIK;Moge hurtowo ustawic MASZYNA.ID_MODEL=244 oraz uzupelnic brakujace pola w MODEL po zatwierdzeniu wartosci.;Potrzebuje od Ciebie brakujacych pol dla MODEL 244: KOLOR, PLIK;;
NISKI;KONICA MINOLTA;C 204;2;5998:: || 5488::;246(2/4);246;jednoznaczny_niepelny;RODZAJ, PLIK;Moge hurtowo ustawic MASZYNA.ID_MODEL=246 oraz uzupelnic brakujace pola w MODEL po zatwierdzeniu wartosci.;Potrzebuje od Ciebie brakujacych pol dla MODEL 246: RODZAJ, PLIK;;
NISKI;KONICA MINOLTA;C 250;2;845:KP/0785/08/2014: || 4709:kp000000:;252(3/4);252;jednoznaczny_niepelny;PLIK;Moge hurtowo ustawic MASZYNA.ID_MODEL=252 oraz uzupelnic brakujace pola w MODEL po zatwierdzeniu wartosci.;Potrzebuje od Ciebie brakujacych pol dla MODEL 252: PLIK;;
NISKI;KONICA MINOLTA;C 253;2;3172:KP/1986: || 4092:KP/2572:;254(3/4);254;jednoznaczny_niepelny;PLIK;Moge hurtowo ustawic MASZYNA.ID_MODEL=254 oraz uzupelnic brakujace pola w MODEL po zatwierdzeniu wartosci.;Potrzebuje od Ciebie brakujacych pol dla MODEL 254: PLIK;;
NISKI;KONICA MINOLTA;C 258;2;4150:KP/2576: || 6882:WKP/4375/BNP/SRS/SmartIT:A7R0021020380;255(3/4) | 268(3/4);;decyzja_duplikat;PLIK;Moge hurtowo ustawic ID_MODEL po wskazaniu kanonicznego rekordu z listy kandydatow.;Potrzebuje od Ciebie wyboru jednego kanonicznego ID_MODEL dla tej sygnatury.;;
NISKI;KONICA MINOLTA;C 300;2;120:KP/0095/06/2014:262700719 || 920:KP/0854/09/2014:;256(3/4);256;jednoznaczny_niepelny;PLIK;Moge hurtowo ustawic MASZYNA.ID_MODEL=256 oraz uzupelnic brakujace pola w MODEL po zatwierdzeniu wartosci.;Potrzebuje od Ciebie brakujacych pol dla MODEL 256: PLIK;;
NISKI;KONICA MINOLTA;C 360;2;3845:KP/2407: || 6053::;261(3/4);261;jednoznaczny_niepelny;PLIK;Moge hurtowo ustawic MASZYNA.ID_MODEL=261 oraz uzupelnic brakujace pola w MODEL po zatwierdzeniu wartosci.;Potrzebuje od Ciebie brakujacych pol dla MODEL 261: PLIK;;
NISKI;KONICA MINOLTA;INEO 227;2;4815:KP/2784:A7AK127001761 || 4816:KP/2785:A7AK127001757;71(3/4);71;jednoznaczny_niepelny;PLIK;Moge hurtowo ustawic MASZYNA.ID_MODEL=71 oraz uzupelnic brakujace pola w MODEL po zatwierdzeniu wartosci.;Potrzebuje od Ciebie brakujacych pol dla MODEL 71: PLIK;;
NISKI;KONICA MINOLTA;INEO+ 3351;2;5379::A92F121004985 || 5380::A92F121004649;75(3/4);75;jednoznaczny_niepelny;PLIK;Moge hurtowo ustawic MASZYNA.ID_MODEL=75 oraz uzupelnic brakujace pola w MODEL po zatwierdzeniu wartosci.;Potrzebuje od Ciebie brakujacych pol dla MODEL 75: PLIK;;
NISKI;KONICA MINOLTA;INEO+ 6000L;2;204:KP/0172/06/2014:A1DV022000676 || 7361::A1DV022000404;79(2/4);79;jednoznaczny_niepelny;KOLOR, PLIK;Moge hurtowo ustawic MASZYNA.ID_MODEL=79 oraz uzupelnic brakujace pola w MODEL po zatwierdzeniu wartosci.;Potrzebuje od Ciebie brakujacych pol dla MODEL 79: KOLOR, PLIK;;
NISKI;KYOCERA;3212i;2;6889:KP/4383:R420818411 || 6890:KP/4384:R420818393;510(3/4);510;jednoznaczny_niepelny;PLIK;Moge hurtowo ustawic MASZYNA.ID_MODEL=510 oraz uzupelnic brakujace pola w MODEL po zatwierdzeniu wartosci.;Potrzebuje od Ciebie brakujacych pol dla MODEL 510: PLIK;;
NISKI;KYOCERA;M 2040;2;6394:: || 7540::;269(2/4);269;jednoznaczny_niepelny;RODZAJ, PLIK;Moge hurtowo ustawic MASZYNA.ID_MODEL=269 oraz uzupelnic brakujace pola w MODEL po zatwierdzeniu wartosci.;Potrzebuje od Ciebie brakujacych pol dla MODEL 269: RODZAJ, PLIK;;
NISKI;KYOCERA;M 3040I;2;4095:KP/2554:LSE5305428 || 6047::;279(3/4);279;jednoznaczny_niepelny;PLIK;Moge hurtowo ustawic MASZYNA.ID_MODEL=279 oraz uzupelnic brakujace pola w MODEL po zatwierdzeniu wartosci.;Potrzebuje od Ciebie brakujacych pol dla MODEL 279: PLIK;;
NISKI;KYOCERA;M3145idn;2;7581:KP/5026:R4W8501097 || 7582:KP/5027:R4W8500992;30002520(3/4);30002520;jednoznaczny_niepelny;PLIK;Moge hurtowo ustawic MASZYNA.ID_MODEL=30002520 oraz uzupelnic brakujace pola w MODEL po zatwierdzeniu wartosci.;Potrzebuje od Ciebie brakujacych pol dla MODEL 30002520: PLIK;;
NISKI;KYOCERA;P 5532;2;5211:KP/3021:R9j9601968 || 5212:KP/3020:R9J9601985;524(3/4);524;jednoznaczny_niepelny;PLIK;Moge hurtowo ustawic MASZYNA.ID_MODEL=524 oraz uzupelnic brakujace pola w MODEL po zatwierdzeniu wartosci.;Potrzebuje od Ciebie brakujacych pol dla MODEL 524: PLIK;;
NISKI;OCE;9400;2;3566:KP/oce9400: || 3859:obce5:;418(3/4);418;jednoznaczny_niepelny;PLIK;Moge hurtowo ustawic MASZYNA.ID_MODEL=418 oraz uzupelnic brakujace pola w MODEL po zatwierdzeniu wartosci.;Potrzebuje od Ciebie brakujacych pol dla MODEL 418: PLIK;;
NISKI;RICOH;2018;2;5155:*********:J9857302389 || 5996::;429(3/4);429;jednoznaczny_niepelny;PLIK;Moge hurtowo ustawic MASZYNA.ID_MODEL=429 oraz uzupelnic brakujace pola w MODEL po zatwierdzeniu wartosci.;Potrzebuje od Ciebie brakujacych pol dla MODEL 429: PLIK;;
NISKI;RICOH;201n;2;1428:KP/1179:C544M502973 || 2121:KP/1507:;430(3/4);430;jednoznaczny_niepelny;PLIK;Moge hurtowo ustawic MASZYNA.ID_MODEL=430 oraz uzupelnic brakujace pola w MODEL po zatwierdzeniu wartosci.;Potrzebuje od Ciebie brakujacych pol dla MODEL 430: PLIK;;
NISKI;RICOH;2020;2;1189:kp/1062: || 3126:KP/1974:;431(3/4);431;jednoznaczny_niepelny;PLIK;Moge hurtowo ustawic MASZYNA.ID_MODEL=431 oraz uzupelnic brakujace pola w MODEL po zatwierdzeniu wartosci.;Potrzebuje od Ciebie brakujacych pol dla MODEL 431: PLIK;;
NISKI;RICOH;2022;2;3576:KP/2260: || 3843:KP/2406:;432(3/4);432;jednoznaczny_niepelny;PLIK;Moge hurtowo ustawic MASZYNA.ID_MODEL=432 oraz uzupelnic brakujace pola w MODEL po zatwierdzeniu wartosci.;Potrzebuje od Ciebie brakujacych pol dla MODEL 432: PLIK;;
NISKI;RICOH;220;2;1321:KP/1126: || 1908:KP/1376:;434(3/4);434;jednoznaczny_niepelny;PLIK;Moge hurtowo ustawic MASZYNA.ID_MODEL=434 oraz uzupelnic brakujace pola w MODEL po zatwierdzeniu wartosci.;Potrzebuje od Ciebie brakujacych pol dla MODEL 434: PLIK;;
NISKI;RICOH;2705;2;154:KP/0126/06/2014: || 2527:KP/1891:L1272680089;305(3/4);305;jednoznaczny_niepelny;PLIK;Moge hurtowo ustawic MASZYNA.ID_MODEL=305 oraz uzupelnic brakujace pola w MODEL po zatwierdzeniu wartosci.;Potrzebuje od Ciebie brakujacych pol dla MODEL 305: PLIK;;
NISKI;RICOH;3025;2;473:KP/0426/07/2014:K8563900617 || 4022:urządzenie klienta:K8564704115;437(3/4);437;jednoznaczny_niepelny;PLIK;Moge hurtowo ustawic MASZYNA.ID_MODEL=437 oraz uzupelnic brakujace pola w MODEL po zatwierdzeniu wartosci.;Potrzebuje od Ciebie brakujacych pol dla MODEL 437: PLIK;;
NISKI;RICOH;5200s S;2;2803:KP/1907:S9059000062 || 3638:KP/2275:S9023804857;447(3/4);447;jednoznaczny_niepelny;PLIK;Moge hurtowo ustawic MASZYNA.ID_MODEL=447 oraz uzupelnic brakujace pola w MODEL po zatwierdzeniu wartosci.;Potrzebuje od Ciebie brakujacych pol dla MODEL 447: PLIK;;
NISKI;RICOH;6002;2;5227:KP/3034:W864J700025 || 5300:KP/3095\VM:W864J989017;309(3/4);309;jednoznaczny_niepelny;PLIK;Moge hurtowo ustawic MASZYNA.ID_MODEL=309 oraz uzupelnic brakujace pola w MODEL po zatwierdzeniu wartosci.;Potrzebuje od Ciebie brakujacych pol dla MODEL 309: PLIK;;
NISKI;RICOH;D 422;2;358:KP/0319/07/2014: || 718:KP/0662/07/2014:;312(3/4);312;jednoznaczny_niepelny;PLIK;Moge hurtowo ustawic MASZYNA.ID_MODEL=312 oraz uzupelnic brakujace pola w MODEL po zatwierdzeniu wartosci.;Potrzebuje od Ciebie brakujacych pol dla MODEL 312: PLIK;;
NISKI;RICOH;IM 3000;2;7082:KP/4564:4421R440012 || 7083:KP/4565:4421R440011;536(3/4) | 540(3/4);;decyzja_duplikat;PLIK;Moge hurtowo ustawic ID_MODEL po wskazaniu kanonicznego rekordu z listy kandydatow.;Potrzebuje od Ciebie wyboru jednego kanonicznego ID_MODEL dla tej sygnatury.;;
NISKI;RICOH;MP 2014D;2;2681:KP/1835:G635MC31388 || 3665:KP/2296:G636M131222;343(3/4);343;jednoznaczny_niepelny;PLIK;Moge hurtowo ustawic MASZYNA.ID_MODEL=343 oraz uzupelnic brakujace pola w MODEL po zatwierdzeniu wartosci.;Potrzebuje od Ciebie brakujacych pol dla MODEL 343: PLIK;;
NISKI;RICOH;MP 2205;2;44:KP/0030/06/2014: || 5693::;345(3/4);345;jednoznaczny_niepelny;PLIK;Moge hurtowo ustawic MASZYNA.ID_MODEL=345 oraz uzupelnic brakujace pola w MODEL po zatwierdzeniu wartosci.;Potrzebuje od Ciebie brakujacych pol dla MODEL 345: PLIK;;
NISKI;RICOH;MP 2352;2;5236:KP/3043:W662K900760 || 5317:KP/3109:W663K700706;587(4/4) | 613(4/4) | 346(3/4);;decyzja_duplikat;;Moge hurtowo ustawic ID_MODEL po wskazaniu kanonicznego rekordu z listy kandydatow.;Potrzebuje od Ciebie wyboru jednego kanonicznego ID_MODEL dla tej sygnatury.;;
NISKI;RICOH;MP 2555Sp;2;3503:KP/2250:C397P200567 || 3677:KP/2306:C397P500190;373(4/4);373;gotowy_jednoznaczny;;Moge hurtowo ustawic MASZYNA.ID_MODEL=373 dla calej sygnatury.;Wystarczy Twoje potwierdzenie, ze wskazany ID_MODEL jest poprawny.;;
NISKI;RICOH;MP 3002;2;4074:KP/2546:W502K700371 || 4076:KP/2544:W492K704344;471(3/4);471;jednoznaczny_niepelny;PLIK;Moge hurtowo ustawic MASZYNA.ID_MODEL=471 oraz uzupelnic brakujace pola w MODEL po zatwierdzeniu wartosci.;Potrzebuje od Ciebie brakujacych pol dla MODEL 471: PLIK;;
NISKI;RICOH;MP 4000B;2;3468:.....: || 3515:KP/2252:;204(3/4);204;jednoznaczny_niepelny;PLIK;Moge hurtowo ustawic MASZYNA.ID_MODEL=204 oraz uzupelnic brakujace pola w MODEL po zatwierdzeniu wartosci.;Potrzebuje od Ciebie brakujacych pol dla MODEL 204: PLIK;;
NISKI;RICOH;MP 402;2;4899:EKP/2744\REMOTE:Y176HB01708 || 4900:EKP/2745\EMAIL\REMOTE:Y177HA94831;481(4/4);481;gotowy_jednoznaczny;;Moge hurtowo ustawic MASZYNA.ID_MODEL=481 dla calej sygnatury.;Wystarczy Twoje potwierdzenie, ze wskazany ID_MODEL jest poprawny.;;
NISKI;RICOH;MP 4054SP;2;3241:KP/2006:G176JB00186 || 6858:KP/4343:G176JB00038;375(4/4);375;gotowy_jednoznaczny;;Moge hurtowo ustawic MASZYNA.ID_MODEL=375 dla calej sygnatury.;Wystarczy Twoje potwierdzenie, ze wskazany ID_MODEL jest poprawny.;;
NISKI;RICOH;MP 5002;2;3995:KP/2523:W534J200313 || 4064:KP/2540:W534J435034;483(3/4);483;jednoznaczny_niepelny;PLIK;Moge hurtowo ustawic MASZYNA.ID_MODEL=483 oraz uzupelnic brakujace pola w MODEL po zatwierdzeniu wartosci.;Potrzebuje od Ciebie brakujacych pol dla MODEL 483: PLIK;;
NISKI;RICOH;MP 501SP;2;4470:KP/2677:G987X846317 || 7342:KP/4796/BNP/FULL:5219PA02590;376(3/4) | 30002514(2/4);;decyzja_duplikat;PLIK;Moge hurtowo ustawic ID_MODEL po wskazaniu kanonicznego rekordu z listy kandydatow.;Potrzebuje od Ciebie wyboru jednego kanonicznego ID_MODEL dla tej sygnatury.;;
NISKI;RICOH;MP 7001;2;3915:KP/2473:V7093300010 || 3985:KP/2514\VM:V7012600007;369(3/4);369;jednoznaczny_niepelny;PLIK;Moge hurtowo ustawic MASZYNA.ID_MODEL=369 oraz uzupelnic brakujace pola w MODEL po zatwierdzeniu wartosci.;Potrzebuje od Ciebie brakujacych pol dla MODEL 369: PLIK;;
NISKI;RICOH;MP6055;2;7393:KP/4846:C409P700077 || 7394:KP/4847/BNP/SRS/SmartIT:C407J800042;30002500(3/4);30002500;jednoznaczny_niepelny;PLIK;Moge hurtowo ustawic MASZYNA.ID_MODEL=30002500 oraz uzupelnic brakujace pola w MODEL po zatwierdzeniu wartosci.;Potrzebuje od Ciebie brakujacych pol dla MODEL 30002500: PLIK;;
NISKI;RICOH;MPC 401;2;5052:KP/2914\REMOTE:G076P900320 || 6965::;494(2/4);494;jednoznaczny_niepelny;RODZAJ, PLIK;Moge hurtowo ustawic MASZYNA.ID_MODEL=494 oraz uzupelnic brakujace pola w MODEL po zatwierdzeniu wartosci.;Potrzebuje od Ciebie brakujacych pol dla MODEL 494: RODZAJ, PLIK;;
NISKI;RICOH;SP 5210 SR;2;2679:KP/1834:S9249400852 || 2776:KP/1867:S9214700014;408(3/4);408;jednoznaczny_niepelny;PLIK;Moge hurtowo ustawic MASZYNA.ID_MODEL=408 oraz uzupelnic brakujace pola w MODEL po zatwierdzeniu wartosci.;Potrzebuje od Ciebie brakujacych pol dla MODEL 408: PLIK;;
NISKI;TRIUMPH-ADLER;2506ci;2;4633:EKP/2615:VFL8X21767 || 4661:WEKP/2678:VFL8X22879;512(4/4);512;gotowy_jednoznaczny;;Moge hurtowo ustawic MASZYNA.ID_MODEL=512 dla calej sygnatury.;Wystarczy Twoje potwierdzenie, ze wskazany ID_MODEL jest poprawny.;;
NISKI;BROTHER;DCP-L 5500 dn;1;6550::;7(1/4);7;jednoznaczny_niepelny;RODZAJ, KOLOR, PLIK;Moge hurtowo ustawic MASZYNA.ID_MODEL=7 oraz uzupelnic brakujace pola w MODEL po zatwierdzeniu wartosci.;Potrzebuje od Ciebie brakujacych pol dla MODEL 7: RODZAJ, KOLOR, PLIK;;
NISKI;BROTHER;MFC-J6920DW;1;6726::;10(2/4);10;jednoznaczny_niepelny;RODZAJ, PLIK;Moge hurtowo ustawic MASZYNA.ID_MODEL=10 oraz uzupelnic brakujace pola w MODEL po zatwierdzeniu wartosci.;Potrzebuje od Ciebie brakujacych pol dla MODEL 10: RODZAJ, PLIK;;
NISKI;BROTHER;MPF-8950DW;1;3890:urządzenie obce:;8(3/4);8;jednoznaczny_niepelny;PLIK;Moge hurtowo ustawic MASZYNA.ID_MODEL=8 oraz uzupelnic brakujace pola w MODEL po zatwierdzeniu wartosci.;Potrzebuje od Ciebie brakujacych pol dla MODEL 8: PLIK;;
NISKI;BROTHER;XYZ;1;6354::;9(1/4);9;jednoznaczny_niepelny;RODZAJ, KOLOR, PLIK;Moge hurtowo ustawic MASZYNA.ID_MODEL=9 oraz uzupelnic brakujace pola w MODEL po zatwierdzeniu wartosci.;Potrzebuje od Ciebie brakujacych pol dla MODEL 9: RODZAJ, KOLOR, PLIK;;
NISKI;CANON;1643 i;1;7253::;30002493(2/4);30002493;jednoznaczny_niepelny;RODZAJ, PLIK;Moge hurtowo ustawic MASZYNA.ID_MODEL=30002493 oraz uzupelnic brakujace pola w MODEL po zatwierdzeniu wartosci.;Potrzebuje od Ciebie brakujacych pol dla MODEL 30002493: RODZAJ, PLIK;;
NISKI;CANON;4025I;1;317:KP/0278/07/2014:;14(3/4);14;jednoznaczny_niepelny;PLIK;Moge hurtowo ustawic MASZYNA.ID_MODEL=14 oraz uzupelnic brakujace pola w MODEL po zatwierdzeniu wartosci.;Potrzebuje od Ciebie brakujacych pol dla MODEL 14: PLIK;;
NISKI;CANON;4320D;1;2314:KP/1605:;15(3/4);15;jednoznaczny_niepelny;PLIK;Moge hurtowo ustawic MASZYNA.ID_MODEL=15 oraz uzupelnic brakujace pola w MODEL po zatwierdzeniu wartosci.;Potrzebuje od Ciebie brakujacych pol dla MODEL 15: PLIK;;
NISKI;CANON;C 250I;1;2309:KP/1269:QNW02276;18(3/4);18;jednoznaczny_niepelny;PLIK;Moge hurtowo ustawic MASZYNA.ID_MODEL=18 oraz uzupelnic brakujace pola w MODEL po zatwierdzeniu wartosci.;Potrzebuje od Ciebie brakujacych pol dla MODEL 18: PLIK;;
NISKI;CANON;DR-G2110;1;7131::;546(3/4);546;jednoznaczny_niepelny;PLIK;Moge hurtowo ustawic MASZYNA.ID_MODEL=546 oraz uzupelnic brakujace pola w MODEL po zatwierdzeniu wartosci.;Potrzebuje od Ciebie brakujacych pol dla MODEL 546: PLIK;;
NISKI;CANON;IPF 750;1;4116:KP/2562:;21(3/4);21;jednoznaczny_niepelny;PLIK;Moge hurtowo ustawic MASZYNA.ID_MODEL=21 oraz uzupelnic brakujace pola w MODEL po zatwierdzeniu wartosci.;Potrzebuje od Ciebie brakujacych pol dla MODEL 21: PLIK;;
NISKI;CANON;IPF 755;1;2347:KP/1611:;22(3/4);22;jednoznaczny_niepelny;PLIK;Moge hurtowo ustawic MASZYNA.ID_MODEL=22 oraz uzupelnic brakujace pola w MODEL po zatwierdzeniu wartosci.;Potrzebuje od Ciebie brakujacych pol dla MODEL 22: PLIK;;
NISKI;CANON;IR 1020;1;355:KP/0316/07/2014:;25(3/4);25;jednoznaczny_niepelny;PLIK;Moge hurtowo ustawic MASZYNA.ID_MODEL=25 oraz uzupelnic brakujace pola w MODEL po zatwierdzeniu wartosci.;Potrzebuje od Ciebie brakujacych pol dla MODEL 25: PLIK;;
NISKI;CANON;IR 2022;1;879:KP/0816/08/2014:;30(3/4);30;jednoznaczny_niepelny;PLIK;Moge hurtowo ustawic MASZYNA.ID_MODEL=30 oraz uzupelnic brakujace pola w MODEL po zatwierdzeniu wartosci.;Potrzebuje od Ciebie brakujacych pol dla MODEL 30: PLIK;;
NISKI;CANON;IR 2530;1;6976::;34(3/4) | 553(3/4);;decyzja_duplikat;PLIK;Moge hurtowo ustawic ID_MODEL po wskazaniu kanonicznego rekordu z listy kandydatow.;Potrzebuje od Ciebie wyboru jednego kanonicznego ID_MODEL dla tej sygnatury.;;
NISKI;CANON;IR 2870;1;319:KP/0280/07/2014:;36(3/4);36;jednoznaczny_niepelny;PLIK;Moge hurtowo ustawic MASZYNA.ID_MODEL=36 oraz uzupelnic brakujace pola w MODEL po zatwierdzeniu wartosci.;Potrzebuje od Ciebie brakujacych pol dla MODEL 36: PLIK;;
NISKI;CANON;IR 3235;1;2795:KP/1912:DGJ07946;38(3/4);38;jednoznaczny_niepelny;PLIK;Moge hurtowo ustawic MASZYNA.ID_MODEL=38 oraz uzupelnic brakujace pola w MODEL po zatwierdzeniu wartosci.;Potrzebuje od Ciebie brakujacych pol dla MODEL 38: PLIK;;
NISKI;CANON;IR 3245;1;243:KP/0210/06/2014:DHM04022;39(3/4);39;jednoznaczny_niepelny;PLIK;Moge hurtowo ustawic MASZYNA.ID_MODEL=39 oraz uzupelnic brakujace pola w MODEL po zatwierdzeniu wartosci.;Potrzebuje od Ciebie brakujacych pol dla MODEL 39: PLIK;;
NISKI;CANON;IR 5000;1;678:KP/0624/07/2014:;41(3/4);41;jednoznaczny_niepelny;PLIK;Moge hurtowo ustawic MASZYNA.ID_MODEL=41 oraz uzupelnic brakujace pola w MODEL po zatwierdzeniu wartosci.;Potrzebuje od Ciebie brakujacych pol dla MODEL 41: PLIK;;
NISKI;CANON;IR ADV DX C 3720i;1;6924::;43(1/4);43;jednoznaczny_niepelny;RODZAJ, KOLOR, PLIK;Moge hurtowo ustawic MASZYNA.ID_MODEL=43 oraz uzupelnic brakujace pola w MODEL po zatwierdzeniu wartosci.;Potrzebuje od Ciebie brakujacych pol dla MODEL 43: RODZAJ, KOLOR, PLIK;;
NISKI;CANON;IR ADVANCE 400I;1;1126:KP/1014:QLCO1945;44(3/4);44;jednoznaczny_niepelny;PLIK;Moge hurtowo ustawic MASZYNA.ID_MODEL=44 oraz uzupelnic brakujace pola w MODEL po zatwierdzeniu wartosci.;Potrzebuje od Ciebie brakujacych pol dla MODEL 44: PLIK;;
NISKI;CANON;IR ADVANCE C6255I;1;808:KP/0748/08/2014:;49(2/4);49;jednoznaczny_niepelny;KOLOR, PLIK;Moge hurtowo ustawic MASZYNA.ID_MODEL=49 oraz uzupelnic brakujace pola w MODEL po zatwierdzeniu wartosci.;Potrzebuje od Ciebie brakujacych pol dla MODEL 49: KOLOR, PLIK;;
NISKI;CANON;IR C2280I;1;870:KP/0807/08/2014:;50(4/4);50;gotowy_jednoznaczny;;Moge hurtowo ustawic MASZYNA.ID_MODEL=50 dla calej sygnatury.;Wystarczy Twoje potwierdzenie, ze wskazany ID_MODEL jest poprawny.;;
NISKI;CANON;IRC 2380I;1;2690:KP/1759:;52(4/4);52;gotowy_jednoznaczny;;Moge hurtowo ustawic MASZYNA.ID_MODEL=52 dla calej sygnatury.;Wystarczy Twoje potwierdzenie, ze wskazany ID_MODEL jest poprawny.;;
NISKI;CANON;IRC3720i;1;5546:KP/3320:22F09779;53(3/4) | 554(3/4);;decyzja_duplikat;RODZAJ;Moge hurtowo ustawic ID_MODEL po wskazaniu kanonicznego rekordu z listy kandydatow.;Potrzebuje od Ciebie wyboru jednego kanonicznego ID_MODEL dla tej sygnatury.;;
NISKI;CANON;ISENSYS LBP 6670DN;1;1745:KP/1338:;54(2/4);54;jednoznaczny_niepelny;KOLOR, PLIK;Moge hurtowo ustawic MASZYNA.ID_MODEL=54 oraz uzupelnic brakujace pola w MODEL po zatwierdzeniu wartosci.;Potrzebuje od Ciebie brakujacych pol dla MODEL 54: KOLOR, PLIK;;
NISKI;CANON;L- 160;1;561:KP/0509/07/2014:CRY04866;55(2/4);55;jednoznaczny_niepelny;KOLOR, PLIK;Moge hurtowo ustawic MASZYNA.ID_MODEL=55 oraz uzupelnic brakujace pola w MODEL po zatwierdzeniu wartosci.;Potrzebuje od Ciebie brakujacych pol dla MODEL 55: KOLOR, PLIK;;
NISKI;CANON;MF 229DW;1;6535::;56(2/4);56;jednoznaczny_niepelny;RODZAJ, PLIK;Moge hurtowo ustawic MASZYNA.ID_MODEL=56 oraz uzupelnic brakujace pola w MODEL po zatwierdzeniu wartosci.;Potrzebuje od Ciebie brakujacych pol dla MODEL 56: RODZAJ, PLIK;;
NISKI;CANON;NP 612;1;5275::;57(1/4) | 555(1/4);;decyzja_duplikat;RODZAJ, KOLOR, PLIK;Moge hurtowo ustawic ID_MODEL po wskazaniu kanonicznego rekordu z listy kandydatow.;Potrzebuje od Ciebie wyboru jednego kanonicznego ID_MODEL dla tej sygnatury.;;
NISKI;CANON;NP 6512;1;4428:kp/2660:F138300;58(2/4);58;jednoznaczny_niepelny;KOLOR, PLIK;Moge hurtowo ustawic MASZYNA.ID_MODEL=58 oraz uzupelnic brakujace pola w MODEL po zatwierdzeniu wartosci.;Potrzebuje od Ciebie brakujacych pol dla MODEL 58: KOLOR, PLIK;;
NISKI;CANON;PC-D 320;1;2329:KP/1607:;59(2/4);59;jednoznaczny_niepelny;KOLOR, PLIK;Moge hurtowo ustawic MASZYNA.ID_MODEL=59 oraz uzupelnic brakujace pola w MODEL po zatwierdzeniu wartosci.;Potrzebuje od Ciebie brakujacych pol dla MODEL 59: KOLOR, PLIK;;
NISKI;CANON;PIXMA MG5750;1;5034:KP/wache:;60(2/4);60;jednoznaczny_niepelny;KOLOR, PLIK;Moge hurtowo ustawic MASZYNA.ID_MODEL=60 oraz uzupelnic brakujace pola w MODEL po zatwierdzeniu wartosci.;Potrzebuje od Ciebie brakujacych pol dla MODEL 60: KOLOR, PLIK;;
NISKI;CANON;SF 330;1;2281:EM8683B003AA:EM8683B003AA;61(3/4);61;jednoznaczny_niepelny;PLIK;Moge hurtowo ustawic MASZYNA.ID_MODEL=61 oraz uzupelnic brakujace pola w MODEL po zatwierdzeniu wartosci.;Potrzebuje od Ciebie brakujacych pol dla MODEL 61: PLIK;;
NISKI;CANON;i-SENSYS MF754Cdw;1;6915:KP/4409:KP/4409;62(2/4) | 556(2/4);;decyzja_duplikat;KOLOR, PLIK;Moge hurtowo ustawic ID_MODEL po wskazaniu kanonicznego rekordu z listy kandydatow.;Potrzebuje od Ciebie wyboru jednego kanonicznego ID_MODEL dla tej sygnatury.;;
NISKI;CANON;imagePROGRAF iPF670;1;4466:KP/2675:BAKD1114;64(2/4);64;jednoznaczny_niepelny;KOLOR, PLIK;Moge hurtowo ustawic MASZYNA.ID_MODEL=64 oraz uzupelnic brakujace pola w MODEL po zatwierdzeniu wartosci.;Potrzebuje od Ciebie brakujacych pol dla MODEL 64: KOLOR, PLIK;;
NISKI;EPSON;EB-U 05;1;4261:KP/2620:X4H78101010;81(3/4);81;jednoznaczny_niepelny;PLIK;Moge hurtowo ustawic MASZYNA.ID_MODEL=81 oraz uzupelnic brakujace pola w MODEL po zatwierdzeniu wartosci.;Potrzebuje od Ciebie brakujacych pol dla MODEL 81: PLIK;;
NISKI;EPSON;EH-TW 5650;1;4262:KP/2621:X4QX8200719;82(3/4);82;jednoznaczny_niepelny;PLIK;Moge hurtowo ustawic MASZYNA.ID_MODEL=82 oraz uzupelnic brakujace pola w MODEL po zatwierdzeniu wartosci.;Potrzebuje od Ciebie brakujacych pol dla MODEL 82: PLIK;;
NISKI;EPSON;EPSONEB-U 42;1;5095:1e:X4JM9500903;83(2/4);83;jednoznaczny_niepelny;KOLOR, PLIK;Moge hurtowo ustawic MASZYNA.ID_MODEL=83 oraz uzupelnic brakujace pola w MODEL po zatwierdzeniu wartosci.;Potrzebuje od Ciebie brakujacych pol dla MODEL 83: KOLOR, PLIK;;
NISKI;EPSON;SC-T 5100;1;4667:rozliczenie:;85(3/4);85;jednoznaczny_niepelny;PLIK;Moge hurtowo ustawic MASZYNA.ID_MODEL=85 oraz uzupelnic brakujace pola w MODEL po zatwierdzeniu wartosci.;Potrzebuje od Ciebie brakujacych pol dla MODEL 85: PLIK;;
NISKI;EPSON;SC-T5200D;1;3896:KP/2455:URPE000651;86(3/4);86;jednoznaczny_niepelny;PLIK;Moge hurtowo ustawic MASZYNA.ID_MODEL=86 oraz uzupelnic brakujace pola w MODEL po zatwierdzeniu wartosci.;Potrzebuje od Ciebie brakujacych pol dla MODEL 86: PLIK;;
NISKI;EPSON;WF-100W;1;4559:KP/2706:WKJK000706;88(3/4);88;jednoznaczny_niepelny;PLIK;Moge hurtowo ustawic MASZYNA.ID_MODEL=88 oraz uzupelnic brakujace pola w MODEL po zatwierdzeniu wartosci.;Potrzebuje od Ciebie brakujacych pol dla MODEL 88: PLIK;;
NISKI;EPSON;WF-5690;1;3961:EKP/2484:UV4Y030125;89(3/4);89;jednoznaczny_niepelny;PLIK;Moge hurtowo ustawic MASZYNA.ID_MODEL=89 oraz uzupelnic brakujace pola w MODEL po zatwierdzeniu wartosci.;Potrzebuje od Ciebie brakujacych pol dla MODEL 89: PLIK;;
NISKI;EPSON;WF-C579R;1;6460:KP/4041:X576082892;94(3/4);94;jednoznaczny_niepelny;PLIK;Moge hurtowo ustawic MASZYNA.ID_MODEL=94 oraz uzupelnic brakujace pola w MODEL po zatwierdzeniu wartosci.;Potrzebuje od Ciebie brakujacych pol dla MODEL 94: PLIK;;
NISKI;EPSON;WFC PRO 879 RD WF;1;6659::;100(2/4) | 558(2/4);;decyzja_duplikat;KOLOR, PLIK;Moge hurtowo ustawic ID_MODEL po wskazaniu kanonicznego rekordu z listy kandydatow.;Potrzebuje od Ciebie wyboru jednego kanonicznego ID_MODEL dla tej sygnatury.;;
NISKI;HP;1320;1;2881:1320:;142(3/4);142;jednoznaczny_niepelny;PLIK;Moge hurtowo ustawic MASZYNA.ID_MODEL=142 oraz uzupelnic brakujace pola w MODEL po zatwierdzeniu wartosci.;Potrzebuje od Ciebie brakujacych pol dla MODEL 142: PLIK;;
NISKI;HP;2320;1;2771:KP/1864:;143(3/4);143;jednoznaczny_niepelny;PLIK;Moge hurtowo ustawic MASZYNA.ID_MODEL=143 oraz uzupelnic brakujace pola w MODEL po zatwierdzeniu wartosci.;Potrzebuje od Ciebie brakujacych pol dla MODEL 143: PLIK;;
NISKI;HP;3015;1;6382::;144(2/4);144;jednoznaczny_niepelny;RODZAJ, PLIK;Moge hurtowo ustawic MASZYNA.ID_MODEL=144 oraz uzupelnic brakujace pola w MODEL po zatwierdzeniu wartosci.;Potrzebuje od Ciebie brakujacych pol dla MODEL 144: RODZAJ, PLIK;;
NISKI;HP;3545;1;3217:HP 3545:;145(3/4);145;jednoznaczny_niepelny;PLIK;Moge hurtowo ustawic MASZYNA.ID_MODEL=145 oraz uzupelnic brakujace pola w MODEL po zatwierdzeniu wartosci.;Potrzebuje od Ciebie brakujacych pol dla MODEL 145: PLIK;;
NISKI;HP;Color Laser 2600;1;176:KP/0145/06/2014:;147(2/4);147;jednoznaczny_niepelny;KOLOR, PLIK;Moge hurtowo ustawic MASZYNA.ID_MODEL=147 oraz uzupelnic brakujace pola w MODEL po zatwierdzeniu wartosci.;Potrzebuje od Ciebie brakujacych pol dla MODEL 147: KOLOR, PLIK;;
NISKI;HP;Color Laser CP3525dn;1;3256:kp..:;148(2/4);148;jednoznaczny_niepelny;KOLOR, PLIK;Moge hurtowo ustawic MASZYNA.ID_MODEL=148 oraz uzupelnic brakujace pola w MODEL po zatwierdzeniu wartosci.;Potrzebuje od Ciebie brakujacych pol dla MODEL 148: KOLOR, PLIK;;
NISKI;HP;DESIGNJET T1300ps;1;5074:KP/2934:CN4CAKH008;149(2/4);149;jednoznaczny_niepelny;KOLOR, PLIK;Moge hurtowo ustawic MASZYNA.ID_MODEL=149 oraz uzupelnic brakujace pola w MODEL po zatwierdzeniu wartosci.;Potrzebuje od Ciebie brakujacych pol dla MODEL 149: KOLOR, PLIK;;
NISKI;HP;Design Jet T3500;1;7521:KP/4966:CN54K5H058;30002515(3/4);30002515;jednoznaczny_niepelny;PLIK;Moge hurtowo ustawic MASZYNA.ID_MODEL=30002515 oraz uzupelnic brakujace pola w MODEL po zatwierdzeniu wartosci.;Potrzebuje od Ciebie brakujacych pol dla MODEL 30002515: PLIK;;
NISKI;HP;DesignJet 750C+;1;5084:0000000:;150(2/4);150;jednoznaczny_niepelny;KOLOR, PLIK;Moge hurtowo ustawic MASZYNA.ID_MODEL=150 oraz uzupelnic brakujace pola w MODEL po zatwierdzeniu wartosci.;Potrzebuje od Ciebie brakujacych pol dla MODEL 150: KOLOR, PLIK;;
NISKI;HP;DesignJet T2300;1;7440::;30002510(2/4);30002510;jednoznaczny_niepelny;RODZAJ, PLIK;Moge hurtowo ustawic MASZYNA.ID_MODEL=30002510 oraz uzupelnic brakujace pola w MODEL po zatwierdzeniu wartosci.;Potrzebuje od Ciebie brakujacych pol dla MODEL 30002510: RODZAJ, PLIK;;
NISKI;HP;DesignJet T525;1;5251:KP/3057/BNP:CN9781M025;424(1/4);424;jednoznaczny_niepelny;RODZAJ, KOLOR, PLIK;Moge hurtowo ustawic MASZYNA.ID_MODEL=424 oraz uzupelnic brakujace pola w MODEL po zatwierdzeniu wartosci.;Potrzebuje od Ciebie brakujacych pol dla MODEL 424: RODZAJ, KOLOR, PLIK;;
NISKI;HP;E77830;1;4565:kp/////:CNB8K47084;152(3/4);152;jednoznaczny_niepelny;PLIK;Moge hurtowo ustawic MASZYNA.ID_MODEL=152 oraz uzupelnic brakujace pola w MODEL po zatwierdzeniu wartosci.;Potrzebuje od Ciebie brakujacych pol dla MODEL 152: PLIK;;
NISKI;HP;HP Designjet T525;1;5187::CN9781M03X;154(2/4);154;jednoznaczny_niepelny;KOLOR, PLIK;Moge hurtowo ustawic MASZYNA.ID_MODEL=154 oraz uzupelnic brakujace pola w MODEL po zatwierdzeniu wartosci.;Potrzebuje od Ciebie brakujacych pol dla MODEL 154: KOLOR, PLIK;;
NISKI;HP;HP Designjet T730;1;5547:KP/3321:CN0B39M046;156(2/4);156;jednoznaczny_niepelny;KOLOR, PLIK;Moge hurtowo ustawic MASZYNA.ID_MODEL=156 oraz uzupelnic brakujace pola w MODEL po zatwierdzeniu wartosci.;Potrzebuje od Ciebie brakujacych pol dla MODEL 156: KOLOR, PLIK;;
NISKI;HP;LASER JET PRO MFPM227-fdm;1;6439::;157(2/4);157;jednoznaczny_niepelny;KOLOR, PLIK;Moge hurtowo ustawic MASZYNA.ID_MODEL=157 oraz uzupelnic brakujace pola w MODEL po zatwierdzeniu wartosci.;Potrzebuje od Ciebie brakujacych pol dla MODEL 157: KOLOR, PLIK;;
NISKI;HP;LASER JET PRO MFPM28-M31;1;5268::;158(2/4);158;jednoznaczny_niepelny;KOLOR, PLIK;Moge hurtowo ustawic MASZYNA.ID_MODEL=158 oraz uzupelnic brakujace pola w MODEL po zatwierdzeniu wartosci.;Potrzebuje od Ciebie brakujacych pol dla MODEL 158: KOLOR, PLIK;;
NISKI;HP;LJ 1212;1;1431:KP/1180:;159(3/4);159;jednoznaczny_niepelny;PLIK;Moge hurtowo ustawic MASZYNA.ID_MODEL=159 oraz uzupelnic brakujace pola w MODEL po zatwierdzeniu wartosci.;Potrzebuje od Ciebie brakujacych pol dla MODEL 159: PLIK;;
NISKI;HP;LJ 4000;1;2009:KP/1461:;161(3/4);161;jednoznaczny_niepelny;PLIK;Moge hurtowo ustawic MASZYNA.ID_MODEL=161 oraz uzupelnic brakujace pola w MODEL po zatwierdzeniu wartosci.;Potrzebuje od Ciebie brakujacych pol dla MODEL 161: PLIK;;
NISKI;HP;LJ M201DW;1;3801:KP/2370:;162(3/4);162;jednoznaczny_niepelny;PLIK;Moge hurtowo ustawic MASZYNA.ID_MODEL=162 oraz uzupelnic brakujace pola w MODEL po zatwierdzeniu wartosci.;Potrzebuje od Ciebie brakujacych pol dla MODEL 162: PLIK;;
NISKI;HP;LJ P2015 D;1;3687:uk.:;163(3/4);163;jednoznaczny_niepelny;PLIK;Moge hurtowo ustawic MASZYNA.ID_MODEL=163 oraz uzupelnic brakujace pola w MODEL po zatwierdzeniu wartosci.;Potrzebuje od Ciebie brakujacych pol dla MODEL 163: PLIK;;
NISKI;HP;LaserJet 3052;1;6284::;164(1/4);164;jednoznaczny_niepelny;RODZAJ, KOLOR, PLIK;Moge hurtowo ustawic MASZYNA.ID_MODEL=164 oraz uzupelnic brakujace pola w MODEL po zatwierdzeniu wartosci.;Potrzebuje od Ciebie brakujacych pol dla MODEL 164: RODZAJ, KOLOR, PLIK;;
NISKI;HP;LaserJet M1522nf;1;4869:jet:;165(2/4);165;jednoznaczny_niepelny;KOLOR, PLIK;Moge hurtowo ustawic MASZYNA.ID_MODEL=165 oraz uzupelnic brakujace pola w MODEL po zatwierdzeniu wartosci.;Potrzebuje od Ciebie brakujacych pol dla MODEL 165: KOLOR, PLIK;;
NISKI;HP;LaserJet500;1;6285::color M551;166(2/4);166;jednoznaczny_niepelny;RODZAJ, PLIK;Moge hurtowo ustawic MASZYNA.ID_MODEL=166 oraz uzupelnic brakujace pola w MODEL po zatwierdzeniu wartosci.;Potrzebuje od Ciebie brakujacych pol dla MODEL 166: RODZAJ, PLIK;;
NISKI;HP;M575;1;6440::;167(2/4);167;jednoznaczny_niepelny;RODZAJ, PLIK;Moge hurtowo ustawic MASZYNA.ID_MODEL=167 oraz uzupelnic brakujace pola w MODEL po zatwierdzeniu wartosci.;Potrzebuje od Ciebie brakujacych pol dla MODEL 167: RODZAJ, PLIK;;
NISKI;HP;Officejet 6500A;1;4128:KP/2569:;168(2/4);168;jednoznaczny_niepelny;KOLOR, PLIK;Moge hurtowo ustawic MASZYNA.ID_MODEL=168 oraz uzupelnic brakujace pola w MODEL po zatwierdzeniu wartosci.;Potrzebuje od Ciebie brakujacych pol dla MODEL 168: KOLOR, PLIK;;
NISKI;HP;T 795;1;3735:.........:;169(2/4);169;jednoznaczny_niepelny;KOLOR, PLIK;Moge hurtowo ustawic MASZYNA.ID_MODEL=169 oraz uzupelnic brakujace pola w MODEL po zatwierdzeniu wartosci.;Potrzebuje od Ciebie brakujacych pol dla MODEL 169: KOLOR, PLIK;;
NISKI;HP;laserJet pro 400 M 401 dn;1;6457::;170(1/4);170;jednoznaczny_niepelny;RODZAJ, KOLOR, PLIK;Moge hurtowo ustawic MASZYNA.ID_MODEL=170 oraz uzupelnic brakujace pola w MODEL po zatwierdzeniu wartosci.;Potrzebuje od Ciebie brakujacych pol dla MODEL 170: RODZAJ, KOLOR, PLIK;;
NISKI;HP;mfp426 fdw;1;5342::;533(1/4);533;jednoznaczny_niepelny;RODZAJ, KOLOR, PLIK;Moge hurtowo ustawic MASZYNA.ID_MODEL=533 oraz uzupelnic brakujace pola w MODEL po zatwierdzeniu wartosci.;Potrzebuje od Ciebie brakujacych pol dla MODEL 533: RODZAJ, KOLOR, PLIK;;
NISKI;KONICA MINOLTA;+ 250I;1;6739::;68(1/4) | 557(1/4);;decyzja_duplikat;RODZAJ, KOLOR, PLIK;Moge hurtowo ustawic ID_MODEL po wskazaniu kanonicznego rekordu z listy kandydatow.;Potrzebuje od Ciebie wyboru jednego kanonicznego ID_MODEL dla tej sygnatury.;;
NISKI;KONICA MINOLTA;1216;1;3625:u.ob.:;231(3/4);231;jednoznaczny_niepelny;PLIK;Moge hurtowo ustawic MASZYNA.ID_MODEL=231 oraz uzupelnic brakujace pola w MODEL po zatwierdzeniu wartosci.;Potrzebuje od Ciebie brakujacych pol dla MODEL 231: PLIK;;
NISKI;KONICA MINOLTA;1480MF;1;1035:KP/0954/09/2014:;232(3/4);232;jednoznaczny_niepelny;PLIK;Moge hurtowo ustawic MASZYNA.ID_MODEL=232 oraz uzupelnic brakujace pola w MODEL po zatwierdzeniu wartosci.;Potrzebuje od Ciebie brakujacych pol dla MODEL 232: PLIK;;
NISKI;KONICA MINOLTA;163;1;912:KP/0846/09/2014:;234(3/4);234;jednoznaczny_niepelny;PLIK;Moge hurtowo ustawic MASZYNA.ID_MODEL=234 oraz uzupelnic brakujace pola w MODEL po zatwierdzeniu wartosci.;Potrzebuje od Ciebie brakujacych pol dla MODEL 234: PLIK;;
NISKI;KONICA MINOLTA;164;1;1626:KP/1281:;235(3/4);235;jednoznaczny_niepelny;PLIK;Moge hurtowo ustawic MASZYNA.ID_MODEL=235 oraz uzupelnic brakujace pola w MODEL po zatwierdzeniu wartosci.;Potrzebuje od Ciebie brakujacych pol dla MODEL 235: PLIK;;
NISKI;KONICA MINOLTA;1690 MF;1;776:KP/0718/08/2014:;236(3/4);236;jednoznaczny_niepelny;PLIK;Moge hurtowo ustawic MASZYNA.ID_MODEL=236 oraz uzupelnic brakujace pola w MODEL po zatwierdzeniu wartosci.;Potrzebuje od Ciebie brakujacych pol dla MODEL 236: PLIK;;
NISKI;KONICA MINOLTA;236;1;3110:kp....:;69(3/4);69;jednoznaczny_niepelny;PLIK;Moge hurtowo ustawic MASZYNA.ID_MODEL=69 oraz uzupelnic brakujace pola w MODEL po zatwierdzeniu wartosci.;Potrzebuje od Ciebie brakujacych pol dla MODEL 69: PLIK;;
NISKI;KONICA MINOLTA;282;1;2080:KP/1500:;237(3/4);237;jednoznaczny_niepelny;PLIK;Moge hurtowo ustawic MASZYNA.ID_MODEL=237 oraz uzupelnic brakujace pola w MODEL po zatwierdzeniu wartosci.;Potrzebuje od Ciebie brakujacych pol dla MODEL 237: PLIK;;
NISKI;KONICA MINOLTA;283;1;4153:KP/2579:A1UF021114366;238(3/4);238;jednoznaczny_niepelny;PLIK;Moge hurtowo ustawic MASZYNA.ID_MODEL=238 oraz uzupelnic brakujace pola w MODEL po zatwierdzeniu wartosci.;Potrzebuje od Ciebie brakujacych pol dla MODEL 238: PLIK;;
NISKI;KONICA MINOLTA;7145;1;1183:KP/1059:;240(3/4);240;jednoznaczny_niepelny;PLIK;Moge hurtowo ustawic MASZYNA.ID_MODEL=240 oraz uzupelnic brakujace pola w MODEL po zatwierdzeniu wartosci.;Potrzebuje od Ciebie brakujacych pol dla MODEL 240: PLIK;;
NISKI;KONICA MINOLTA;7222;1;1476:KP/1216:;241(3/4);241;jednoznaczny_niepelny;PLIK;Moge hurtowo ustawic MASZYNA.ID_MODEL=241 oraz uzupelnic brakujace pola w MODEL po zatwierdzeniu wartosci.;Potrzebuje od Ciebie brakujacych pol dla MODEL 241: PLIK;;
NISKI;KONICA MINOLTA;BIZHUB 250;1;5436::;243(2/4);243;jednoznaczny_niepelny;RODZAJ, PLIK;Moge hurtowo ustawic MASZYNA.ID_MODEL=243 oraz uzupelnic brakujace pola w MODEL po zatwierdzeniu wartosci.;Potrzebuje od Ciebie brakujacych pol dla MODEL 243: RODZAJ, PLIK;;
NISKI;KONICA MINOLTA;BIZHUB C25;1;6689::;267(2/4);267;jednoznaczny_niepelny;RODZAJ, PLIK;Moge hurtowo ustawic MASZYNA.ID_MODEL=267 oraz uzupelnic brakujace pola w MODEL po zatwierdzeniu wartosci.;Potrzebuje od Ciebie brakujacych pol dla MODEL 267: RODZAJ, PLIK;;
NISKI;KONICA MINOLTA;C 227;1;5384::;249(3/4) | 551(3/4);;decyzja_duplikat;PLIK;Moge hurtowo ustawic ID_MODEL po wskazaniu kanonicznego rekordu z listy kandydatow.;Potrzebuje od Ciebie wyboru jednego kanonicznego ID_MODEL dla tej sygnatury.;;
NISKI;KONICA MINOLTA;C 235;1;2818:kp/1915:;250(3/4);250;jednoznaczny_niepelny;PLIK;Moge hurtowo ustawic MASZYNA.ID_MODEL=250 oraz uzupelnic brakujace pola w MODEL po zatwierdzeniu wartosci.;Potrzebuje od Ciebie brakujacych pol dla MODEL 250: PLIK;;
NISKI;KONICA MINOLTA;C 3320;1;4730:KP/2759:;258(3/4);258;jednoznaczny_niepelny;PLIK;Moge hurtowo ustawic MASZYNA.ID_MODEL=258 oraz uzupelnic brakujace pola w MODEL po zatwierdzeniu wartosci.;Potrzebuje od Ciebie brakujacych pol dla MODEL 258: PLIK;;
NISKI;KONICA MINOLTA;C 3350;1;4149:KP/2575:;259(3/4);259;jednoznaczny_niepelny;PLIK;Moge hurtowo ustawic MASZYNA.ID_MODEL=259 oraz uzupelnic brakujace pola w MODEL po zatwierdzeniu wartosci.;Potrzebuje od Ciebie brakujacych pol dla MODEL 259: PLIK;;
NISKI;KONICA MINOLTA;C 452;1;1518:KP/1220:;264(3/4);264;jednoznaczny_niepelny;PLIK;Moge hurtowo ustawic MASZYNA.ID_MODEL=264 oraz uzupelnic brakujace pola w MODEL po zatwierdzeniu wartosci.;Potrzebuje od Ciebie brakujacych pol dla MODEL 264: PLIK;;
NISKI;KONICA MINOLTA;DIALT DI 16XX;1;2256:KP/1558:;265(2/4);265;jednoznaczny_niepelny;KOLOR, PLIK;Moge hurtowo ustawic MASZYNA.ID_MODEL=265 oraz uzupelnic brakujace pola w MODEL po zatwierdzeniu wartosci.;Potrzebuje od Ciebie brakujacych pol dla MODEL 265: KOLOR, PLIK;;
NISKI;KONICA MINOLTA;INEO+ 364;1;375:KP/0335/07/2014:A161121000096;76(3/4);76;jednoznaczny_niepelny;PLIK;Moge hurtowo ustawic MASZYNA.ID_MODEL=76 oraz uzupelnic brakujace pola w MODEL po zatwierdzeniu wartosci.;Potrzebuje od Ciebie brakujacych pol dla MODEL 76: PLIK;;
NISKI;KONICA MINOLTA;INEO+ 451;1;304:KP/0265/07/2014:;77(3/4);77;jednoznaczny_niepelny;PLIK;Moge hurtowo ustawic MASZYNA.ID_MODEL=77 oraz uzupelnic brakujace pola w MODEL po zatwierdzeniu wartosci.;Potrzebuje od Ciebie brakujacych pol dla MODEL 77: PLIK;;
NISKI;KONICA MINOLTA;INEO+ 454E;1;1563:KP/1263:A5C0121002036;78(3/4);78;jednoznaczny_niepelny;PLIK;Moge hurtowo ustawic MASZYNA.ID_MODEL=78 oraz uzupelnic brakujace pola w MODEL po zatwierdzeniu wartosci.;Potrzebuje od Ciebie brakujacych pol dla MODEL 78: PLIK;;
NISKI;KONICA MINOLTA;MAGICOLOR 1690MF;1;4067:KP/2535:;266(2/4);266;jednoznaczny_niepelny;KOLOR, PLIK;Moge hurtowo ustawic MASZYNA.ID_MODEL=266 oraz uzupelnic brakujace pola w MODEL po zatwierdzeniu wartosci.;Potrzebuje od Ciebie brakujacych pol dla MODEL 266: KOLOR, PLIK;;
NISKI;KYOCERA;1650;1;6532::;272(2/4);272;jednoznaczny_niepelny;RODZAJ, PLIK;Moge hurtowo ustawic MASZYNA.ID_MODEL=272 oraz uzupelnic brakujace pola w MODEL po zatwierdzeniu wartosci.;Potrzebuje od Ciebie brakujacych pol dla MODEL 272: RODZAJ, PLIK;;
NISKI;KYOCERA;2551ci;1;6046::;511(2/4);511;jednoznaczny_niepelny;RODZAJ, PLIK;Moge hurtowo ustawic MASZYNA.ID_MODEL=511 oraz uzupelnic brakujace pola w MODEL po zatwierdzeniu wartosci.;Potrzebuje od Ciebie brakujacych pol dla MODEL 511: RODZAJ, PLIK;;
NISKI;KYOCERA;2553ci;1;7569:KP/5013:RFM9407802;30002518(2/4);30002518;jednoznaczny_niepelny;RODZAJ, PLIK;Moge hurtowo ustawic MASZYNA.ID_MODEL=30002518 oraz uzupelnic brakujace pola w MODEL po zatwierdzeniu wartosci.;Potrzebuje od Ciebie brakujacych pol dla MODEL 30002518: RODZAJ, PLIK;;
NISKI;KYOCERA;301ci MFP;1;4919:EKP/2752:R9Y9502136;521(3/4);521;jednoznaczny_niepelny;PLIK;Moge hurtowo ustawic MASZYNA.ID_MODEL=521 oraz uzupelnic brakujace pola w MODEL po zatwierdzeniu wartosci.;Potrzebuje od Ciebie brakujacych pol dla MODEL 521: PLIK;;
NISKI;KYOCERA;3262i;1;4540:WEKP/2581\VM:R888902637;522(3/4);522;jednoznaczny_niepelny;PLIK;Moge hurtowo ustawic MASZYNA.ID_MODEL=522 oraz uzupelnic brakujace pola w MODEL po zatwierdzeniu wartosci.;Potrzebuje od Ciebie brakujacych pol dla MODEL 522: PLIK;;
NISKI;KYOCERA;C 2525E;1;6533::;273(2/4);273;jednoznaczny_niepelny;RODZAJ, PLIK;Moge hurtowo ustawic MASZYNA.ID_MODEL=273 oraz uzupelnic brakujace pola w MODEL po zatwierdzeniu wartosci.;Potrzebuje od Ciebie brakujacych pol dla MODEL 273: RODZAJ, PLIK;;
NISKI;KYOCERA;FS 1035 MFP;1;3158:KP/1982:;275(3/4);275;jednoznaczny_niepelny;PLIK;Moge hurtowo ustawic MASZYNA.ID_MODEL=275 oraz uzupelnic brakujace pola w MODEL po zatwierdzeniu wartosci.;Potrzebuje od Ciebie brakujacych pol dla MODEL 275: PLIK;;
NISKI;KYOCERA;M 2035;1;1600:KP/1270:;278(3/4);278;jednoznaczny_niepelny;PLIK;Moge hurtowo ustawic MASZYNA.ID_MODEL=278 oraz uzupelnic brakujace pola w MODEL po zatwierdzeniu wartosci.;Potrzebuje od Ciebie brakujacych pol dla MODEL 278: PLIK;;
NISKI;KYOCERA;M 6235CI.;1;6718::;270(2/4);270;jednoznaczny_niepelny;RODZAJ, PLIK;Moge hurtowo ustawic MASZYNA.ID_MODEL=270 oraz uzupelnic brakujace pola w MODEL po zatwierdzeniu wartosci.;Potrzebuje od Ciebie brakujacych pol dla MODEL 270: RODZAJ, PLIK;;
NISKI;KYOCERA;P-C3562I;1;5152:KP/2981:RC39701656;527(3/4);527;jednoznaczny_niepelny;PLIK;Moge hurtowo ustawic MASZYNA.ID_MODEL=527 oraz uzupelnic brakujace pola w MODEL po zatwierdzeniu wartosci.;Potrzebuje od Ciebie brakujacych pol dla MODEL 527: PLIK;;
NISKI;KYOCERA;PA2100cx;1;7533:KP/4978:W6N2501414;30002517(3/4);30002517;jednoznaczny_niepelny;PLIK;Moge hurtowo ustawic MASZYNA.ID_MODEL=30002517 oraz uzupelnic brakujace pola w MODEL po zatwierdzeniu wartosci.;Potrzebuje od Ciebie brakujacych pol dla MODEL 30002517: PLIK;;
NISKI;OCE;9300;1;3354:KP/2083:;417(3/4);417;jednoznaczny_niepelny;PLIK;Moge hurtowo ustawic MASZYNA.ID_MODEL=417 oraz uzupelnic brakujace pola w MODEL po zatwierdzeniu wartosci.;Potrzebuje od Ciebie brakujacych pol dla MODEL 417: PLIK;;
NISKI;OCE;TDS 400;1;1566:KP/1271:;419(2/4);419;jednoznaczny_niepelny;KOLOR, PLIK;Moge hurtowo ustawic MASZYNA.ID_MODEL=419 oraz uzupelnic brakujace pola w MODEL po zatwierdzeniu wartosci.;Potrzebuje od Ciebie brakujacych pol dla MODEL 419: KOLOR, PLIK;;
NISKI;OCE;VarioLink 3622C;1;6692::A0EDW21000464;420(1/4);420;jednoznaczny_niepelny;RODZAJ, KOLOR, PLIK;Moge hurtowo ustawic MASZYNA.ID_MODEL=420 oraz uzupelnic brakujace pola w MODEL po zatwierdzeniu wartosci.;Potrzebuje od Ciebie brakujacych pol dla MODEL 420: RODZAJ, KOLOR, PLIK;;
NISKI;RICOH;1022;1;3114:KP/1970:;426(3/4);426;jednoznaczny_niepelny;PLIK;Moge hurtowo ustawic MASZYNA.ID_MODEL=426 oraz uzupelnic brakujace pola w MODEL po zatwierdzeniu wartosci.;Potrzebuje od Ciebie brakujacych pol dla MODEL 426: PLIK;;
NISKI;RICOH;1060;1;3803:KP/2372:J4220700541;298(3/4);298;jednoznaczny_niepelny;PLIK;Moge hurtowo ustawic MASZYNA.ID_MODEL=298 oraz uzupelnic brakujace pola w MODEL po zatwierdzeniu wartosci.;Potrzebuje od Ciebie brakujacych pol dla MODEL 298: PLIK;;
NISKI;RICOH;1224 C;1;1613:KP/1277:;299(3/4);299;jednoznaczny_niepelny;PLIK;Moge hurtowo ustawic MASZYNA.ID_MODEL=299 oraz uzupelnic brakujace pola w MODEL po zatwierdzeniu wartosci.;Potrzebuje od Ciebie brakujacych pol dla MODEL 299: PLIK;;
NISKI;RICOH;127;1;5130:kpp:;285(3/4);285;jednoznaczny_niepelny;PLIK;Moge hurtowo ustawic MASZYNA.ID_MODEL=285 oraz uzupelnic brakujace pola w MODEL po zatwierdzeniu wartosci.;Potrzebuje od Ciebie brakujacych pol dla MODEL 285: PLIK;;
NISKI;RICOH;1502;1;2101:KP/1519:;138(3/4);138;jednoznaczny_niepelny;PLIK;Moge hurtowo ustawic MASZYNA.ID_MODEL=138 oraz uzupelnic brakujace pola w MODEL po zatwierdzeniu wartosci.;Potrzebuje od Ciebie brakujacych pol dla MODEL 138: PLIK;;
NISKI;RICOH;2015;1;4660:KP/2742:;428(3/4);428;jednoznaczny_niepelny;PLIK;Moge hurtowo ustawic MASZYNA.ID_MODEL=428 oraz uzupelnic brakujace pola w MODEL po zatwierdzeniu wartosci.;Potrzebuje od Ciebie brakujacych pol dla MODEL 428: PLIK;;
NISKI;RICOH;213w;1;2992:KP/1936:X535M860431;433(3/4);433;jednoznaczny_niepelny;PLIK;Moge hurtowo ustawic MASZYNA.ID_MODEL=433 oraz uzupelnic brakujace pola w MODEL po zatwierdzeniu wartosci.;Potrzebuje od Ciebie brakujacych pol dla MODEL 433: PLIK;;
NISKI;RICOH;240;1;4297:kp/......:T211PA00791;435(3/4);435;jednoznaczny_niepelny;PLIK;Moge hurtowo ustawic MASZYNA.ID_MODEL=435 oraz uzupelnic brakujace pola w MODEL po zatwierdzeniu wartosci.;Potrzebuje od Ciebie brakujacych pol dla MODEL 435: PLIK;;
NISKI;RICOH;270;1;2099:KP/1502:;436(3/4);436;jednoznaczny_niepelny;PLIK;Moge hurtowo ustawic MASZYNA.ID_MODEL=436 oraz uzupelnic brakujace pola w MODEL po zatwierdzeniu wartosci.;Potrzebuje od Ciebie brakujacych pol dla MODEL 436: PLIK;;
NISKI;RICOH;3045;1;4812:KP//:;438(3/4);438;jednoznaczny_niepelny;PLIK;Moge hurtowo ustawic MASZYNA.ID_MODEL=438 oraz uzupelnic brakujace pola w MODEL po zatwierdzeniu wartosci.;Potrzebuje od Ciebie brakujacych pol dla MODEL 438: PLIK;;
NISKI;RICOH;3500 SF;1;3743:obce4:;439(3/4);439;jednoznaczny_niepelny;PLIK;Moge hurtowo ustawic MASZYNA.ID_MODEL=439 oraz uzupelnic brakujace pola w MODEL po zatwierdzeniu wartosci.;Potrzebuje od Ciebie brakujacych pol dla MODEL 439: PLIK;;
NISKI;RICOH;3510;1;2780:KP/1898:;307(3/4);307;jednoznaczny_niepelny;PLIK;Moge hurtowo ustawic MASZYNA.ID_MODEL=307 oraz uzupelnic brakujace pola w MODEL po zatwierdzeniu wartosci.;Potrzebuje od Ciebie brakujacych pol dla MODEL 307: PLIK;;
NISKI;RICOH;3600 DN;1;6530::;440(2/4);440;jednoznaczny_niepelny;RODZAJ, PLIK;Moge hurtowo ustawic MASZYNA.ID_MODEL=440 oraz uzupelnic brakujace pola w MODEL po zatwierdzeniu wartosci.;Potrzebuje od Ciebie brakujacych pol dla MODEL 440: RODZAJ, PLIK;;
NISKI;RICOH;377wx;1;3742:KP/2340:Y917Q330024;441(3/4);441;jednoznaczny_niepelny;PLIK;Moge hurtowo ustawic MASZYNA.ID_MODEL=441 oraz uzupelnic brakujace pola w MODEL po zatwierdzeniu wartosci.;Potrzebuje od Ciebie brakujacych pol dla MODEL 441: PLIK;;
NISKI;RICOH;410;1;2739:KP/1861:;442(3/4);442;jednoznaczny_niepelny;PLIK;Moge hurtowo ustawic MASZYNA.ID_MODEL=442 oraz uzupelnic brakujace pola w MODEL po zatwierdzeniu wartosci.;Potrzebuje od Ciebie brakujacych pol dla MODEL 442: PLIK;;
NISKI;RICOH;4510 S;1;6052:KP/3780/BNP/SRS/SMARTIT:T575H406152;444(4/4);444;gotowy_jednoznaczny;;Moge hurtowo ustawic MASZYNA.ID_MODEL=444 dla calej sygnatury.;Wystarczy Twoje potwierdzenie, ze wskazany ID_MODEL jest poprawny.;;
NISKI;RICOH;4525;1;2370:KP/1617:;308(3/4);308;jednoznaczny_niepelny;PLIK;Moge hurtowo ustawic MASZYNA.ID_MODEL=308 oraz uzupelnic brakujace pola w MODEL po zatwierdzeniu wartosci.;Potrzebuje od Ciebie brakujacych pol dla MODEL 308: PLIK;;
NISKI;RICOH;5210 S;1;6302:KP/3971\REMOTE:C097JA30974;448(3/4);448;jednoznaczny_niepelny;PLIK;Moge hurtowo ustawic MASZYNA.ID_MODEL=448 oraz uzupelnic brakujace pola w MODEL po zatwierdzeniu wartosci.;Potrzebuje od Ciebie brakujacych pol dla MODEL 448: PLIK;;
NISKI;RICOH;6005 (1060);1;283:KP/0244/07/2014:L1283070029;311(3/4);311;jednoznaczny_niepelny;PLIK;Moge hurtowo ustawic MASZYNA.ID_MODEL=311 oraz uzupelnic brakujace pola w MODEL po zatwierdzeniu wartosci.;Potrzebuje od Ciebie brakujacych pol dla MODEL 311: PLIK;;
NISKI;RICOH;6613;1;1852:KP/1365:;286(3/4);286;jednoznaczny_niepelny;PLIK;Moge hurtowo ustawic MASZYNA.ID_MODEL=286 oraz uzupelnic brakujace pola w MODEL po zatwierdzeniu wartosci.;Potrzebuje od Ciebie brakujacych pol dla MODEL 286: PLIK;;
NISKI;RICOH;AF222;1;639:KP/0586/07/2014:;30002498(3/4);30002498;jednoznaczny_niepelny;PLIK;Moge hurtowo ustawic MASZYNA.ID_MODEL=30002498 oraz uzupelnic brakujace pola w MODEL po zatwierdzeniu wartosci.;Potrzebuje od Ciebie brakujacych pol dla MODEL 30002498: PLIK;;
NISKI;RICOH;C 232;1;5623::;452(2/4);452;jednoznaczny_niepelny;RODZAJ, PLIK;Moge hurtowo ustawic MASZYNA.ID_MODEL=452 oraz uzupelnic brakujace pola w MODEL po zatwierdzeniu wartosci.;Potrzebuje od Ciebie brakujacych pol dla MODEL 452: RODZAJ, PLIK;;
NISKI;RICOH;C 242;1;6624::;453(2/4);453;jednoznaczny_niepelny;RODZAJ, PLIK;Moge hurtowo ustawic MASZYNA.ID_MODEL=453 oraz uzupelnic brakujace pola w MODEL po zatwierdzeniu wartosci.;Potrzebuje od Ciebie brakujacych pol dla MODEL 453: RODZAJ, PLIK;;
NISKI;RICOH;C 5100s;1;6428::;454(3/4);454;jednoznaczny_niepelny;PLIK;Moge hurtowo ustawic MASZYNA.ID_MODEL=454 oraz uzupelnic brakujace pola w MODEL po zatwierdzeniu wartosci.;Potrzebuje od Ciebie brakujacych pol dla MODEL 454: PLIK;;
NISKI;RICOH;DSC 224;1;2359:KP/1614:;313(3/4);313;jednoznaczny_niepelny;PLIK;Moge hurtowo ustawic MASZYNA.ID_MODEL=313 oraz uzupelnic brakujace pola w MODEL po zatwierdzeniu wartosci.;Potrzebuje od Ciebie brakujacych pol dla MODEL 313: PLIK;;
NISKI;RICOH;DSM 516pf;1;1032:KP/0951/09/2014:;319(3/4);319;jednoznaczny_niepelny;PLIK;Moge hurtowo ustawic MASZYNA.ID_MODEL=319 oraz uzupelnic brakujace pola w MODEL po zatwierdzeniu wartosci.;Potrzebuje od Ciebie brakujacych pol dla MODEL 319: PLIK;;
NISKI;RICOH;DSM 616;1;2800:KP/1909:;320(3/4);320;jednoznaczny_niepelny;PLIK;Moge hurtowo ustawic MASZYNA.ID_MODEL=320 oraz uzupelnic brakujace pola w MODEL po zatwierdzeniu wartosci.;Potrzebuje od Ciebie brakujacych pol dla MODEL 320: PLIK;;
NISKI;RICOH;IM 305;1;5544::;457(3/4) | 575(3/4);;decyzja_duplikat;RODZAJ;Moge hurtowo ustawic ID_MODEL po wskazaniu kanonicznego rekordu z listy kandydatow.;Potrzebuje od Ciebie wyboru jednego kanonicznego ID_MODEL dla tej sygnatury.;;
NISKI;RICOH;IM 370;1;6786:KP/4285/BNP/SRS/SmartIT/Ub:9253P900860;459(4/4) | 577(4/4);;decyzja_duplikat;;Moge hurtowo ustawic ID_MODEL po wskazaniu kanonicznego rekordu z listy kandydatow.;Potrzebuje od Ciebie wyboru jednego kanonicznego ID_MODEL dla tej sygnatury.;;
NISKI;RICOH;IM 4000;1;7629:KP/5076:4441RA40798;30002521(2/4);30002521;jednoznaczny_niepelny;RODZAJ, PLIK;Moge hurtowo ustawic MASZYNA.ID_MODEL=30002521 oraz uzupelnic brakujace pola w MODEL po zatwierdzeniu wartosci.;Potrzebuje od Ciebie brakujacych pol dla MODEL 30002521: RODZAJ, PLIK;;
NISKI;RICOH;IMC 3010;1;7577:KP/5021:9153R220932;30002519(2/4);30002519;jednoznaczny_niepelny;RODZAJ, PLIK;Moge hurtowo ustawic MASZYNA.ID_MODEL=30002519 oraz uzupelnic brakujace pola w MODEL po zatwierdzeniu wartosci.;Potrzebuje od Ciebie brakujacych pol dla MODEL 30002519: RODZAJ, PLIK;;
NISKI;RICOH;IMC 320;1;7513::;30002511(3/4);30002511;jednoznaczny_niepelny;PLIK;Moge hurtowo ustawic MASZYNA.ID_MODEL=30002511 oraz uzupelnic brakujace pola w MODEL po zatwierdzeniu wartosci.;Potrzebuje od Ciebie brakujacych pol dla MODEL 30002511: PLIK;;
NISKI;RICOH;IMC 5500lt;1;7007:KP/4488:3132M181801;468(4/4) | 585(4/4);;decyzja_duplikat;;Moge hurtowo ustawic ID_MODEL po wskazaniu kanonicznego rekordu z listy kandydatow.;Potrzebuje od Ciebie wyboru jednego kanonicznego ID_MODEL dla tej sygnatury.;;
NISKI;RICOH;IMC 8000;1;7522:KP/4967:3843C930006;30002516(3/4);30002516;jednoznaczny_niepelny;PLIK;Moge hurtowo ustawic MASZYNA.ID_MODEL=30002516 oraz uzupelnic brakujace pola w MODEL po zatwierdzeniu wartosci.;Potrzebuje od Ciebie brakujacych pol dla MODEL 30002516: PLIK;;
NISKI;RICOH;IS 2060;1;2294:KP/1604:;201(3/4);201;jednoznaczny_niepelny;PLIK;Moge hurtowo ustawic MASZYNA.ID_MODEL=201 oraz uzupelnic brakujace pola w MODEL po zatwierdzeniu wartosci.;Potrzebuje od Ciebie brakujacych pol dla MODEL 201: PLIK;;
NISKI;RICOH;LANIER IS 2215;1;4928:KP/2813:;202(2/4);202;jednoznaczny_niepelny;KOLOR, PLIK;Moge hurtowo ustawic MASZYNA.ID_MODEL=202 oraz uzupelnic brakujace pola w MODEL po zatwierdzeniu wartosci.;Potrzebuje od Ciebie brakujacych pol dla MODEL 202: KOLOR, PLIK;;
NISKI;RICOH;LANIER IS 2225;1;4929:KP/2814:;203(2/4);203;jednoznaczny_niepelny;KOLOR, PLIK;Moge hurtowo ustawic MASZYNA.ID_MODEL=203 oraz uzupelnic brakujace pola w MODEL po zatwierdzeniu wartosci.;Potrzebuje od Ciebie brakujacych pol dla MODEL 203: KOLOR, PLIK;;
NISKI;RICOH;M 1350;1;4488:kp/&&:;336(3/4);336;jednoznaczny_niepelny;PLIK;Moge hurtowo ustawic MASZYNA.ID_MODEL=336 oraz uzupelnic brakujace pola w MODEL po zatwierdzeniu wartosci.;Potrzebuje od Ciebie brakujacych pol dla MODEL 336: PLIK;;
NISKI;RICOH;MP 2051;1;1771:KP/1349:;344(3/4);344;jednoznaczny_niepelny;PLIK;Moge hurtowo ustawic MASZYNA.ID_MODEL=344 oraz uzupelnic brakujace pola w MODEL po zatwierdzeniu wartosci.;Potrzebuje od Ciebie brakujacych pol dla MODEL 344: PLIK;;
NISKI;RICOH;MP 3500;1;298:KP/0259/07/2014:;360(3/4);360;jednoznaczny_niepelny;PLIK;Moge hurtowo ustawic MASZYNA.ID_MODEL=360 oraz uzupelnic brakujace pola w MODEL po zatwierdzeniu wartosci.;Potrzebuje od Ciebie brakujacych pol dla MODEL 360: PLIK;;
NISKI;RICOH;MP 4001;1;3203:KP/1989:V7903300855;478(3/4);478;jednoznaczny_niepelny;PLIK;Moge hurtowo ustawic MASZYNA.ID_MODEL=478 oraz uzupelnic brakujace pola w MODEL po zatwierdzeniu wartosci.;Potrzebuje od Ciebie brakujacych pol dla MODEL 478: PLIK;;
NISKI;RICOH;MP 6054;1;5637:KP/3400:G196JC00016;486(4/4) | 596(4/4);;decyzja_duplikat;;Moge hurtowo ustawic ID_MODEL po wskazaniu kanonicznego rekordu z listy kandydatow.;Potrzebuje od Ciebie wyboru jednego kanonicznego ID_MODEL dla tej sygnatury.;;
NISKI;RICOH;MP 6500;1;46:KP/0032/06/2014:L7872700242;368(3/4);368;jednoznaczny_niepelny;PLIK;Moge hurtowo ustawic MASZYNA.ID_MODEL=368 oraz uzupelnic brakujace pola w MODEL po zatwierdzeniu wartosci.;Potrzebuje od Ciebie brakujacych pol dla MODEL 368: PLIK;;
NISKI;RICOH;MP 6503;1;6843:KP/4337:G657J300072;487(4/4);487;gotowy_jednoznaczny;;Moge hurtowo ustawic MASZYNA.ID_MODEL=487 dla calej sygnatury.;Wystarczy Twoje potwierdzenie, ze wskazany ID_MODEL jest poprawny.;;
NISKI;RICOH;MPC 2504;1;6503:KP/4080:G756R930461;385(4/4);385;gotowy_jednoznaczny;;Moge hurtowo ustawic MASZYNA.ID_MODEL=385 dla calej sygnatury.;Wystarczy Twoje potwierdzenie, ze wskazany ID_MODEL jest poprawny.;;
NISKI;RICOH;MPC 406;1;6184:KP/3894/BNP/SRS/SMARTit\REMOTE:G135PB00357;495(4/4) | 606(4/4);;decyzja_duplikat;;Moge hurtowo ustawic ID_MODEL po wskazaniu kanonicznego rekordu z listy kandydatow.;Potrzebuje od Ciebie wyboru jednego kanonicznego ID_MODEL dla tej sygnatury.;;
NISKI;RICOH;MPC 4503 SP;1;2228:WEKP/1581:E175M830254;405(3/4);405;jednoznaczny_niepelny;PLIK;Moge hurtowo ustawic MASZYNA.ID_MODEL=405 oraz uzupelnic brakujace pola w MODEL po zatwierdzeniu wartosci.;Potrzebuje od Ciebie brakujacych pol dla MODEL 405: PLIK;;
NISKI;RICOH;MPC 5501U;1;3984:KP/2513:V9613400594;401(4/4);401;gotowy_jednoznaczny;;Moge hurtowo ustawic MASZYNA.ID_MODEL=401 dla calej sygnatury.;Wystarczy Twoje potwierdzenie, ze wskazany ID_MODEL jest poprawny.;;
NISKI;RICOH;MPC 5504ex;1;6975:KP/4458:C748J200074;502(4/4);502;gotowy_jednoznaczny;;Moge hurtowo ustawic MASZYNA.ID_MODEL=502 dla calej sygnatury.;Wystarczy Twoje potwierdzenie, ze wskazany ID_MODEL jest poprawny.;;
NISKI;RICOH;MPC 7503;1;6980:KP/4463:G669CB70124;609(4/4) | 504(3/4);;decyzja_duplikat;;Moge hurtowo ustawic ID_MODEL po wskazaniu kanonicznego rekordu z listy kandydatow.;Potrzebuje od Ciebie wyboru jednego kanonicznego ID_MODEL dla tej sygnatury.;;
NISKI;RICOH;Ricoh SP 8200;1;3039:KP/1947:S3700000000;406(2/4);406;jednoznaczny_niepelny;KOLOR, PLIK;Moge hurtowo ustawic MASZYNA.ID_MODEL=406 oraz uzupelnic brakujace pola w MODEL po zatwierdzeniu wartosci.;Potrzebuje od Ciebie brakujacych pol dla MODEL 406: KOLOR, PLIK;;
NISKI;RICOH;SG 2100n;1;2500:KP/1889:;505(3/4);505;jednoznaczny_niepelny;PLIK;Moge hurtowo ustawic MASZYNA.ID_MODEL=505 oraz uzupelnic brakujace pola w MODEL po zatwierdzeniu wartosci.;Potrzebuje od Ciebie brakujacych pol dla MODEL 505: PLIK;;
NISKI;RICOH;SP 112;1;3439:uk1:;506(3/4);506;jednoznaczny_niepelny;PLIK;Moge hurtowo ustawic MASZYNA.ID_MODEL=506 oraz uzupelnic brakujace pola w MODEL po zatwierdzeniu wartosci.;Potrzebuje od Ciebie brakujacych pol dla MODEL 506: PLIK;;
NISKI;RICOH;SP 5210 DN;1;2499:KP/1733:S8251600244;407(3/4);407;jednoznaczny_niepelny;PLIK;Moge hurtowo ustawic MASZYNA.ID_MODEL=407 oraz uzupelnic brakujace pola w MODEL po zatwierdzeniu wartosci.;Potrzebuje od Ciebie brakujacych pol dla MODEL 407: PLIK;;
NISKI;RICOH;SP C420DN;1;179:KP/0148/06/2014:;409(3/4);409;jednoznaczny_niepelny;PLIK;Moge hurtowo ustawic MASZYNA.ID_MODEL=409 oraz uzupelnic brakujace pola w MODEL po zatwierdzeniu wartosci.;Potrzebuje od Ciebie brakujacych pol dla MODEL 409: PLIK;;
NISKI;RICOH;SP C811DN;1;827:KP/0767/08/2014:;410(3/4);410;jednoznaczny_niepelny;PLIK;Moge hurtowo ustawic MASZYNA.ID_MODEL=410 oraz uzupelnic brakujace pola w MODEL po zatwierdzeniu wartosci.;Potrzebuje od Ciebie brakujacych pol dla MODEL 410: PLIK;;
NISKI;RICOH;SP1200SF;1;1034:KP/0953/09/2014:;411(3/4);411;jednoznaczny_niepelny;PLIK;Moge hurtowo ustawic MASZYNA.ID_MODEL=411 oraz uzupelnic brakujace pola w MODEL po zatwierdzeniu wartosci.;Potrzebuje od Ciebie brakujacych pol dla MODEL 411: PLIK;;
NISKI;RICOH;SPC 222 SF;1;2160:KP/1542:;412(3/4);412;jednoznaczny_niepelny;PLIK;Moge hurtowo ustawic MASZYNA.ID_MODEL=412 oraz uzupelnic brakujace pola w MODEL po zatwierdzeniu wartosci.;Potrzebuje od Ciebie brakujacych pol dla MODEL 412: PLIK;;
NISKI;RICOH;SPC 231 SF;1;417:KP/0374/07/2014:;413(3/4);413;jednoznaczny_niepelny;PLIK;Moge hurtowo ustawic MASZYNA.ID_MODEL=413 oraz uzupelnic brakujace pola w MODEL po zatwierdzeniu wartosci.;Potrzebuje od Ciebie brakujacych pol dla MODEL 413: PLIK;;
NISKI;RICOH;SPC 232 SF;1;844:KP/0784/08/2014:;414(3/4);414;jednoznaczny_niepelny;PLIK;Moge hurtowo ustawic MASZYNA.ID_MODEL=414 oraz uzupelnic brakujace pola w MODEL po zatwierdzeniu wartosci.;Potrzebuje od Ciebie brakujacych pol dla MODEL 414: PLIK;;
NISKI;RICOH;SPC 430DN;1;4337:KP/2634:S9309998641;415(3/4);415;jednoznaczny_niepelny;PLIK;Moge hurtowo ustawic MASZYNA.ID_MODEL=415 oraz uzupelnic brakujace pola w MODEL po zatwierdzeniu wartosci.;Potrzebuje od Ciebie brakujacych pol dla MODEL 415: PLIK;;
NISKI;SAMSUNG;ML 1520;1;3258:kp.:;507(2/4);507;jednoznaczny_niepelny;KOLOR, PLIK;Moge hurtowo ustawic MASZYNA.ID_MODEL=507 oraz uzupelnic brakujace pola w MODEL po zatwierdzeniu wartosci.;Potrzebuje od Ciebie brakujacych pol dla MODEL 507: KOLOR, PLIK;;
NISKI;SAMSUNG;ML-M4070FR;1;5214::;508(2/4);508;jednoznaczny_niepelny;KOLOR, PLIK;Moge hurtowo ustawic MASZYNA.ID_MODEL=508 oraz uzupelnic brakujace pola w MODEL po zatwierdzeniu wartosci.;Potrzebuje od Ciebie brakujacych pol dla MODEL 508: KOLOR, PLIK;;
NISKI;SAMSUNG;SCX4521F;1;203:KP/0171/06/2014:scx4521/xeo;509(3/4);509;jednoznaczny_niepelny;PLIK;Moge hurtowo ustawic MASZYNA.ID_MODEL=509 oraz uzupelnic brakujace pola w MODEL po zatwierdzeniu wartosci.;Potrzebuje od Ciebie brakujacych pol dla MODEL 509: PLIK;;
NISKI;TRIUMPH-ADLER;P-5531;1;4032:KP/2532:VRJ6X00130;514(3/4);514;jednoznaczny_niepelny;PLIK;Moge hurtowo ustawic MASZYNA.ID_MODEL=514 oraz uzupelnic brakujace pola w MODEL po zatwierdzeniu wartosci.;Potrzebuje od Ciebie brakujacych pol dla MODEL 514: PLIK;;
NISKI;TRIUMPH-ADLER;T-2540;1;7246::;30002492(2/4);30002492;jednoznaczny_niepelny;RODZAJ, PLIK;Moge hurtowo ustawic MASZYNA.ID_MODEL=30002492 oraz uzupelnic brakujace pola w MODEL po zatwierdzeniu wartosci.;Potrzebuje od Ciebie brakujacych pol dla MODEL 30002492: RODZAJ, PLIK;;
NISKI;TRIUMPH-ADLER;TASK ALFA 3051i;1;4979:KP//////:;516(2/4);516;jednoznaczny_niepelny;KOLOR, PLIK;Moge hurtowo ustawic MASZYNA.ID_MODEL=516 oraz uzupelnic brakujace pola w MODEL po zatwierdzeniu wartosci.;Potrzebuje od Ciebie brakujacych pol dla MODEL 516: KOLOR, PLIK;;
NISKI;XEROX;3325;1;3195:kp.....:;531(3/4);531;jednoznaczny_niepelny;PLIK;Moge hurtowo ustawic MASZYNA.ID_MODEL=531 oraz uzupelnic brakujace pola w MODEL po zatwierdzeniu wartosci.;Potrzebuje od Ciebie brakujacych pol dla MODEL 531: PLIK;;
NISKI;XEROX;6204;1;4511:KP/2693:;532(3/4);532;jednoznaczny_niepelny;PLIK;Moge hurtowo ustawic MASZYNA.ID_MODEL=532 oraz uzupelnic brakujace pola w MODEL po zatwierdzeniu wartosci.;Potrzebuje od Ciebie brakujacych pol dla MODEL 532: PLIK;;
